,xdot0,xdot1,xdot2,xdot3
0,0.0,0.0,0.0,0.0
1,0.0457117924862098,0.09842560883432619,0.10370986495815447,0.224952756165942
2,0.08864545914118654,0.18058948094721508,0.20107017075704292,0.4464562215485903
3,0.1298217863306983,0.2488628776961485,0.29268524089244724,0.6633569278534897
4,0.16966390930418945,0.30581638289865654,0.37896179406834146,0.8749341029326617
5,0.20825250165076797,0.3537560855655068,0.4602312572537482,1.080810914057476
6,0.2455337548052766,0.3945770727495726,0.5368500226865693,1.2808400676991103
7,0.28142916012260094,0.42977950785362595,0.6092352397407048,1.475019602581177
8,0.3158762949215896,0.46053821729991357,0.6778540548740737,1.6634399533531168
9,0.34883655981906464,0.4877765075132196,0.7431941571257105,1.8462506775465914
10,0.38029177829375027,0.5122279124190744,0.8057340717096493,2.023638083670619
11,0.4102393227153453,0.5344832237799229,0.86592106899781,2.1958092620866787
12,0.438688728840099,0.5550247854117949,0.9241579889577933,2.3629804751451386
13,0.46565997806446524,0.5742510774155498,0.9807974305106002,2.525368869089054
14,0.49118280157064165,0.5924943536197065,1.0361410729756748,2.683186807264253
15,0.5152963392360078,0.6100334786841494,1.0904421647878426,2.8366382381851225
16,0.5380487098653164,0.6271035021631912,1.1439097434653345,2.9859165847780034
17,0.559496284209931,0.6439030120101021,1.1967136378029983,3.131203722099144
18,0.5797026278978529,0.6605999483334505,1.2489896656524004,3.272669698719964
19,0.5987371937376793,0.6773363160519323,1.3008446875417599,3.4104729397241225
20,0.6166738873276942,0.6942320702264939,1.3523613280130555,3.5447607427776835
21,0.6335896312389663,0.7113883439480286,1.4036022691396144,3.675669937479745
22,0.6495630257768951,0.7288901248315772,1.4546140753879682,3.8033276230793027
23,0.664673218518606,0.746808499243979,1.505430575660971,3.927851922443052
24,0.678998905192133,0.765202419492339,1.5560757495909208,4.04935273768937
25,0.6926175656721127,0.7841201540711504,1.6065662175304147,4.167932472625409
26,0.7056049246842261,0.8036004771743959,1.6569133744560487,4.283686709943835
27,0.7180345448736577,0.8236735967498859,1.707125168123246,4.396704848492744
28,0.7299775368514845,0.8443618983893754,1.7572075728286676,4.5070706957257896
29,0.741502348780125,0.8656805570215886,1.8071657910586623,4.614863015876519
30,0.7526746031151053,0.8876380643015236,1.8570052109500985,4.720156035305197
31,0.7635569556367449,0.9102367137002083,1.9067321435552982,4.823019906846381
32,0.7742089602088078,0.9334730777084487,1.9563543608827263,4.92352113508557
33,0.7846869309927456,0.9573385030217234,2.0058814540496046,5.021722964419015
34,0.7950438009617657,0.981819640281652,2.0553250303737363,5.117685731628532
35,0.8053289809360317,1.006899015492385,2.104698768541442,5.211467184607508
36,0.8155882271984207,1.0325556416360517,2.1540183519725646,5.303122768783987
37,0.8258635276111526,1.058765661513648,2.2033013014658813,5.3927058827656875
38,0.8361930163756651,1.0855030071039367,2.2525667288576527,5.480268104761237
39,0.8466109264244164,1.1127400570756243,2.301835033450882,5.56585939140464
40,0.8571475862746023,1.140448272634431,2.35112756221077,5.6495282507094515
41,0.8678294654109641,1.1685987925400934,2.4004662531445877,5.731321890985828
42,0.8786792692837605,1.1971629705884856,2.449873278978707,5.811286347648931
43,0.8897160821438761,1.2261128426659276,2.4993707053822147,5.889466589915264
44,0.90095555345073,1.2554215151043084,2.5489801747834275,5.96590660941317
45,0.9124101216550005,1.2850634709410136,2.598722623514303,6.04064949271885
46,0.9240892678655205,1.315014795313804,2.6486180368159364,6.113737479768476
47,0.9359997900113088,1.345253324168539,2.698685242682996,6.185212010057859
48,0.9481460818327161,1.3757587177206487,2.748941739493506,6.255113758914098
49,0.9605304509223108,1.406512505106251,2.7994035771565424,6.323482662800616
50,0.9731534022423064,1.4374980561339332,2.8500852527015836,6.39035793852992
51,0.9860139231979822,1.4687005245055818,2.900999636398585,6.455778095748606
52,0.9991097590076212,1.500106768699676,2.9521579201728407,6.51978094382964
53,1.0124376728914772,1.5317052582034958,3.0035695821105826,6.5824035941055605
54,1.0259936885739036,1.5634859727343502,3.055242362376943,6.643682458140873
55,1.039773313468841,1.5954403003088784,3.1071822466700385,6.703653242634009
56,1.0537717416126107,1.6275609382525982,3.1593934543195457,6.76235094146335
57,1.0679840359185053,1.659841799616665,3.2118784292117333,6.8198098253475035
58,1.0824052896755607,1.692277926072956,3.2646378327981473,6.876063429574168
59,1.097030767434134,1.7248654072433456,3.3176705394440447,6.93114454025905
60,1.1118560255554648,1.7576013056046436,3.3709736352291184,6.985085179619435
61,1.1268770127933931,1.7904835855926453,3.4245424219747513,7.037916590777832
62,1.1420901513605795,1.8235110452839283,3.4783704287025508,7.089669222641283
63,1.1574923990361214,1.8566832490257414,3.5324494329090164,7.14037271542337
64,1.173081293011928,1.8900004595670403,3.5867694939700385,7.190055887381955
65,1.1888549763551106,1.9234635685667834,3.6413190006838607,7.238746723331202
66,1.2048122081755754,1.957074024766949,3.6960847344566337,7.286472365448855
67,1.2209523588164004,1.9908337595669303,3.75105194897928,7.333259106838758
68,1.2372753916088302,2.0247451101774567,3.8062044664967107,7.3791323882264255
69,1.2537818329319912,2.058810740927659,3.8615247899935845,7.42411679806629
70,1.2704727324699117,2.0930335636195045,3.9169942298767086,7.468236076228895
71,1.2873496156500432,2.1274166580510956,3.9725930430778478,7.511513121321388
72,1.3044144302695952,2.161963193956587,4.028300581975597,7.553970001581979
73,1.3216694892669687,2.1966763556377242,4.084095450169944,7.5956279691848705
74,1.3391174114802973,2.2315592705005374,4.139955661951118,7.6365074777016675
75,1.3567610620638622,2.2666149425766333,4.195858802283,7.676628202392143
76,1.3746034940197425,2.301846191921373,4.251782184255197,7.716009062943691
77,1.392647892062063,2.3372556005615857,4.3077030012216975,7.7546682482452445
78,1.4108975197801255,2.3728454654328273,4.363598471206244,7.792623242767098
79,1.4293556708185593,2.408617758517472,4.4194459715816095,7.829890854120964
80,1.4480256245590382,2.4445740941835137,4.4752231624889465,7.866487241392025
81,1.4669106065776485,2.4807157035393144,4.530908097925084,7.902427943863548
82,1.4860137539702722,2.517043415467293,4.58647932386582,7.937727909791653
83,1.5053380854880392,2.553557643881993,4.6419159631937585,7.972401524929996
84,1.5248864763063634,2.590258380674558,4.6971977875478705,8.006462640548653
85,1.5446616371626969,2.627145193753904,4.75230527650204,8.03992460073626
86,1.5646660975371378,2.6642172295708924,4.807219664709581,8.07280026881743
87,1.5849021925127325,2.7014732195110565,4.861922977821848,8.1051020527576
88,1.605372052934725,2.7389114895591424,4.916398058106198,8.136841929463653
89,1.6260775984862685,2.7765299726702386,4.970628580757897,8.168031467920558
90,1.647020533308339,2.814326223323452,5.024599061929361,8.198681851131681
91,1.6682023438105953,2.8522974337813123,5.078294859495683,8.22880389685336
92,1.6896242983447634,2.8904404516282765,5.131702167545025,8.25840807713309
93,1.7112874504647346,2.928751799690296,5.184808006166205,8.287504536666114
94,1.733192646786627,2.9672277003451173,5.237600210330323,8.316103109937098
95,1.7553405124951482,3.0058640806632946,5.290067405270618,8.34421333743743
96,1.777731466316833,3.044656597792996,5.3421989843157665,8.371844480806239
97,1.800365726175672,3.083600659428746,5.393985085137209,8.399005536931393
98,1.8232433145859333,3.1226914429738177,5.445416563979589,8.425705251120096
99,1.8463640645133514,3.1619239141602575,5.496484968649631,8.451952129393455
100,1.8697276255379178,3.2012928450965323,5.547182510706036,8.477754449961248
101,1.8933334701996556,3.2407928316986454,5.597502037222767,8.503120273931618
102,1.9171809004383962,3.2804183104637805,5.647437002436867,8.528057455308423
103,1.9412690540588167,3.320163574554967,5.696981439538062,8.552573650326632
104,1.9655969111670177,3.360022789176136,5.746129932809976,8.5766763261735
105,1.99016330053658,3.3999900062271964,5.794877590291232,8.60037276914045
106,2.0149669058715274,3.440059178237728,5.843220017088637,8.623670092247764
107,2.0400062719413,3.4802241715852893,5.891153289443454,8.646575242381296
108,2.065279810569224,3.52047877901033,5.938673929625223,8.669095006977635
109,2.090785806461175,3.5608167314443087,5.985778881704995,8.691236020291432
110,2.116522422865423,3.6012317091711146,6.032465488241026,8.71300476927602
111,2.1424877070581583,3.6417173523443847,6.078731467894301,8.734407599106
112,2.168679595652007,3.6822672708850006,6.124574893978511,8.755450718368197
113,2.1950959197279714,3.7228750537845605,6.1699941739388935,8.776140203945227
114,2.221734409796188,3.7635342778444616,6.214988029749609,8.796482005613885
115,2.2485927005630733,3.804238515856905,6.259555479198614,8.816481950378916
116,2.2756683355518574,3.8449813442819174,6.303695818043885,8.836145746560852
117,2.302958771551755,3.885756350429465,6.347408603013247,8.855478987655076
118,2.3304613829068734,3.926557139172009,6.390693635614796,8.874487155977954
119,2.3581734656518156,3.9673773392115628,6.433550946726076,8.89317562611456
120,2.3860922414999814,4.008210608923501,6.475980781929343,8.911549668181332
121,2.414214861690687,4.049050641798304,6.517983587560284,8.929614450915947
122,2.4425384083191517,4.089891169832045,6.559559996532808,8.947375044613565
123,2.4710599007983145,4.130725969352011,6.600710814753324,8.964836423918996
124,2.4997763016210253,4.1715488678610315,6.641437011407825,8.982003470438112
125,2.528684516680081,4.212353746333033,6.681739707641171,8.998880975236986
126,2.557781398569669,4.253134542772335,6.721620165622041,9.015473641222938
127,2.5870637497689346,4.293885255566937,6.761079778166096,9.031786085408948
128,2.6165283256986296,4.3345999465963585,6.800120058884016,9.047822841068719
129,2.6461718376669787,4.375272744091092,6.838742632829842,9.063588359789138
130,2.6759905830711115,4.41589763309297,6.876949170810401,9.079084002131108
131,2.705980408421996,4.456468006826176,6.914740522534357,9.094305447630852
132,2.736140083621639,4.496979624096545,6.952119030464089,9.109275304056633
133,2.766465948562056,4.537427100979729,6.989087259239637,9.123997729821797
134,2.7969543834456334,4.57780504551644,7.025647772973706,9.138476814606973
135,2.8276017825085646,4.618108101774823,7.0618031383972975,9.152716580496122
136,2.858404085905392,4.65833072308973,7.097555861154127,9.166717149817275
137,2.8893558807909545,4.69846604932305,7.1329070053266985,9.180463703768858
138,2.9204555918079147,4.738509827265537,7.16785862794291,9.193975709379327
139,2.9516995873804666,4.778457025357117,7.202413064880501,9.207256894932176
140,2.983084235793162,4.818302667874049,7.23657268829629,9.220310924645545
141,3.0146059002180925,4.858041847236881,7.270339901410876,9.233141399806929
142,3.0462609365060236,4.897669731464568,7.3037171339647555,9.245751859896519
143,3.078045692563012,4.937181568753281,7.336706838210141,9.258145783690734
144,3.109956508626369,4.9765726903421195,7.3693114853520445,9.270326590341735
145,3.14198971803795,5.01583851235437,7.401533562384621,9.282297640431343
146,3.174141648277457,5.054974537026863,7.4333755692898285,9.294062236999437
147,3.2064086221144454,5.093976353578306,7.464840016579076,9.305623626547833
148,3.2387869587938085,5.13283963887226,7.49592942316713,9.316985000021289
149,3.2712729752026304,5.171560157974068,7.526646314572836,9.328149493767613
150,3.3038629869859806,5.210133764667478,7.556993221444369,9.339120190479035
151,3.336553309590776,5.2485564019763675,7.586972678408323,9.349900120117146
152,3.3693402592241686,5.2868241027245695,7.616587223242506,9.360492260823726
153,3.402220153717252,5.324932990158798,7.645839396372128,9.370899539819778
154,3.435189313287867,5.362879278654374,7.674731740688154,9.381124834295099
155,3.468244061198338,5.400659274519469,7.703266801685297,9.391170972290622
156,3.501380724305646,5.438269376910426,7.73144712791525,9.40104073357573
157,3.5345956335028483,5.47570607886776,7.759275271748522,9.410736850522648
158,3.5678851240520566,5.512965968479622,7.7867537904355935,9.420262008979918
159,3.6012455358104396,5.550045730176468,7.813885247455129,9.42961884914685
160,3.634673213352405,5.586942146157629,7.840672214133603,9.43880996645069
161,3.668164505992391,5.6236520979470415,7.867117271517172,9.447837912428096
162,3.7017157677144876,5.660172568071868,7.893223012472782,9.456705195612356
163,3.735323357016696,5.696500641854031,7.918992043991589,9.465414282427538
164,3.7689836366794323,5.7326335093008005,7.944426989663799,9.473967598090583
165,3.8026929734696218,5.768568467076724,7.969530492290181,9.482367527522088
166,3.836447737793526,5.804302920535318,7.994305216591791,9.49061641626628
167,3.870244303313111,5.839834385785276,8.018753851976106,9.498716571420387
168,3.9040790465423574,5.875160491762496,8.042879115314875,9.506670262573339
169,3.93794834644133,5.910278982276182,8.066683753686709,9.514479722753412
170,3.9718485840270117,5.945187717994727,8.090170547035857,9.522147149384114
171,4.00577614202075,5.979884678335033,8.113342310697881,9.529674705247311
172,4.039727404552845,6.014367963217773,8.136201897743163,9.53706451945227
173,4.0736987569449035,6.048635794650518,8.15875220109039,9.544318688408978
174,4.107686585590385,6.08268651810103,8.180996155344419,9.551439276803826
175,4.141687277953015,6.116518603624238,8.2029367383162,9.558428318575459
176,4.175697222701761,6.150130646708544,8.224576972186778,9.565287817888345
177,4.209712809999272,6.18352136881005,8.245919924282575,9.572019750101436
178,4.2437304319588565,6.216689617547075,8.26696870743532,9.57862606272904
179,4.277746483282397,6.249634366531812,8.28772647990659,9.585108676390972
180,4.311757362089129,6.282354714821126,8.308196444864354,9.591469485748904
181,4.3457594709418075,6.314849885973976,8.328381849406329,9.59771036042581
182,4.379749218073763,6.3471192267089425,8.34828598313275,9.603833145905368
183,4.413723018816682,6.379162205161285,8.367912176278654,9.60983966440831
184,4.44767729722579,6.410978408745129,8.387263797423133,9.615731715742715
185,4.481608487895287,6.4425675416320916,8.406344250799682,9.621511078125433
186,4.5155130379540624,6.473929421863394,8.425156973238012,9.627179508972045
187,4.549387409228334,6.505063978117471,8.443705430772907,9.632738745652897
188,4.583228080555191,6.535971246159632,8.461993114960132,9.638190506213105
189,4.617031550228595,6.566651365004176,8.480023538942797,9.643536490054636
190,4.650794338557561,6.5971045728225155,8.497800233313924,9.64877837857893
191,4.684512990514385,6.627331202633125,8.515326741822383,9.653917835788805
192,4.71818407844999,6.657331677810735,8.532606616969584,9.658956508848771
193,4.751804204852635,6.6871065074529445,8.549643415543844,9.663896028603165
194,4.785370005126232,6.7166562816425195,8.566440694137786,9.668738010051875
195,4.81887815036462,6.745981666642928,8.583002004692,9.673484052783754
196,4.852325350098991,6.775083400063505,8.599330890105321,9.678135741368108
197,4.885708354996584,6.803962286028819,8.61543087994872,9.682694645704952
198,4.919023959490124,6.832619190384596,8.631305486316078,9.68716232133501
199,4.952269004319191,6.861055035970053,8.646958199841112,9.69154030971064
200,4.9854403789663735,6.889270797983582,8.66239248590554,9.695830138429136
201,5.018535023973123,6.917267499465803,8.677611781059412,9.70003332143002
202,5.0515499331222316,6.945046206920867,8.692619489670351,9.704151359158097
203,5.084482155476052,6.972608026093837,8.7074189808145,9.708185738694205
204,5.117328797261457,6.999954097918811,8.722013585418068,9.71213793385567
205,5.150087023594923,7.027085594649612,8.73640659365493,9.716009405268574
206,5.182754060042797,7.054003716181928,8.750601252602365,9.719801600413984
207,5.215327194013933,7.0807096865732255,8.764600764154174,9.723515953650324
208,5.2478037759834795,7.107204750764275,8.778408283187735,9.727153886214069
209,5.280181220548261,7.133490171503905,8.792026915979342,9.730716806200927
210,5.312457007315717,7.159567226476642,8.805459718860227,9.73420610852965
211,5.344628681629599,7.185437205631126,8.818709697104053,9.737623174890532
212,5.376693855136724,7.211101408705656,8.831779804035383,9.740969373680636
213,5.408650206200149,7.236561142945946,8.844672940347646,9.744246059927665
214,5.440495480164885,7.261817721009091,8.857391953618318,9.747454575204328
215,5.4722274894829015,7.286872459046846,8.86993963800862,9.750596247534979
216,5.503844113704764,7.31172667496065,8.882318734134682,9.753672391296156
217,5.535343299345572,7.3363816868203084,8.89453192909706,9.756684307112586
218,5.566723059633137,7.360838811437858,8.906581856655544,9.7596332817501
219,5.597981474222959,7.385099363123149,8.918471097547716,9.762520588008783
220,5.629116689286046,7.409164652836148,8.9302021800853,9.76534748462414
221,5.660126915589763,7.433035986537049,8.9417775804709,9.768115216123597
222,5.6910104285286,7.4567146645589775,8.953199723431817,9.77082501274061
223,5.721765567480534,7.480201980863302,8.964470982950097,9.773478090311892
224,5.752390735016919,7.503499222362729,8.975593683055555,9.776075650176033
225,5.782884396050185,7.526607668339619,8.986570098683234,9.778618879076234
226,5.813245076926263,7.549528589951735,8.997402456585991,9.781108949067765
227,5.843471364468588,7.572263249818078,9.008092936293624,9.783547017430706
228,5.873561904980022,7.594812901677748,9.018643671110507,9.785934226588454
229,5.90351540320886,7.617178790115248,9.0290567491444,9.788271704032391
230,5.9333306212845605,7.639362150345924,9.039334214359656,9.790560562253052
231,5.963006377628594,7.661364208055697,9.049478067648636,9.792801898678047
232,5.992541545845444,7.683186179289623,9.059490267915757,9.794996795616974
233,6.02193505359838,7.704829270384175,9.069372733169082,9.797146320213466
234,6.051185881474433,7.72629467793856,9.079127341614917,9.799251524404472
235,6.080293061843581,7.747583588821238,9.088755932751575,9.801313444886897
236,6.10925567771382,7.76869718020678,9.098260308458531,9.80333310309154
237,6.138072861583633,7.789636619638302,9.107642234076968,9.805311505164251
238,6.166743794302812,7.8104030651159,9.116903439480513,9.807249641954591
239,6.19526770393804,7.8309976652052145,9.126045620132995,9.809148489011601
240,6.22364386464755,7.851421559164156,9.135070438131292,9.811009006586735
241,6.251871595567576,7.871675877085498,9.143979523231655,9.81283213964379
242,6.279950259712956,7.891761740053292,9.152774473858184,9.814618817875747
243,6.307879262645249,7.911680260200729,9.161456858052887,9.816369955718544
244,6.335658049304532,7.93143253985674,9.170028213925288,9.81808645231071
245,6.363286107069149,7.95101967354811,9.178490051220189,9.819769191692812
246,6.390762963011666,7.970442747509746,9.186843852123296,9.82141904277383
247,6.41808818263583,7.98970283976097,9.19509107210901,9.82303685937109
248,6.445261368856733,8.008801020283984,9.203233140798899,9.82462348026475
249,6.472282160999746,8.027738351203281,9.211271462795159,9.826179729257907
250,6.499150233818799,8.0465158869651,9.21920741848892,9.827706415242124
251,6.5258652965342945,8.065134674516022,9.227042364843347,9.82920433226817
252,6.552427091890964,8.083595753480008,9.234777636151534,9.830674259621778
253,6.578835395235947,8.101900156333263,9.242414544769394,9.83211696190425
254,6.60509001361712,8.120048908576386,9.249954381823677,9.833533189117663
255,6.631190784901679,8.138043028903317,9.257398417895427,9.834923676754542
256,6.657137576915031,8.155883529366754,9.264747903679162,9.836289145891765
257,6.682930286599808,8.173571415539698,9.272004070618173,9.837630303288538
258,6.708568839194947,8.19110768667289,9.279168131516347,9.838947841488263
259,6.734053187434547,8.208493335847935,9.286241281126925,9.840242438924106
260,6.759383310766328,8.225729350125961,9.293224696718713,9.841514760028106
261,6.784559214589433,8.24281671069173,9.300119538620198,9.842765455343663
262,6.809580929511193,8.2597563929931,9.306926950742099,9.84399516164122
263,6.834448510622637,8.276549366875837,9.31364806107889,9.845204502037008
264,6.859162036792272,8.29319659671373,9.320283982189792,9.846394086114708
265,6.883721609977997,8.309699041534113,9.326835811659846,9.847564510049843
266,6.90812735455642,8.326057655138706,9.333304632541534,9.848716356736805
267,6.932379416669565,8.342273386219981,9.339691513777574,9.849850195918366
268,6.9564779635883,8.35834717847301,9.345997510605393,9.850966584317526
269,6.980423183092294,8.374279970703007,9.35222366494387,9.852066065771604
270,7.004215282865823,8.390072696928513,9.358371005762832,9.853149171368418
271,7.02785448990938,8.405726286480524,9.364440549435935,9.854216419584464
272,7.051341049966421,8.42124166409754,9.370433300077396,9.85526831642497
273,7.074675226964841,8.436619750016702,9.376350249863124,9.856305355565715
274,7.097857302473016,8.451861460061206,9.382192379336807,9.857328018496512
275,7.120887575169768,8.466967705724052,9.387960657701425,9.858336774666268
276,7.143766360327972,8.481939394248311,9.393656043096724,9.859332081629498
277,7.166493989311446,8.496777428704043,9.399279482863141,9.860314385194219
278,7.189070809084665,8.511482708061985,9.404831913792655,9.861284119571131
279,7.211497181735089,8.5260561272642,9.410314262367079,9.862241707524001
280,7.2337734840075285,8.540498577291752,9.415727444984201,9.863187560521144
281,7.2559001068504285,8.554810945229612,9.421072368172307,9.864122078887961
282,7.277877454973507,8.568994114328857,9.42634992879345,9.865045651960404
283,7.299705946416684,8.583048964066396,9.431561014235983,9.865958658239338
284,7.321386012129737,8.596976370202231,9.436706502596733,9.86686146554569
285,7.342918095562398,8.610777204834418,9.441787262853214,9.867754431176325
286,7.364302652264892,8.624452336451935,9.446804155026374,9.868637902060588
287,7.385540149498183,8.638002629985419,9.45175803033416,9.869512214917417
288,7.406631065853962,8.651428946855988,9.456649731336368,9.87037769641298
289,7.427575890884008,8.66473214502223,9.461480092071122,9.871234663318754
290,7.4483751247386625,8.677913079025437,9.466249938183354,9.872083422669995
291,7.469029277814085,8.690972600033179,9.470960087045619,9.872924271924505
292,7.489538870408266,8.703911555881362,9.47561134787164,9.873757499121671
293,7.509904432385336,8.716730791114792,9.480204521822882,9.874583383041678
294,7.530126502848048,8.72943114702634,9.484740402108491,9.875402193364842
295,7.5502056298181435,8.74201346169478,9.489219774078899,9.876214190831014
296,7.5701423699245955,8.754478570021435,9.49364341531347,9.87701962739898
297,7.5899372880992155,8.76682730376557,9.498012095702384,9.877818746405783
298,7.609590957279701,8.779060491578711,9.502326577523153,9.878611782725944
299,7.629103958119768,8.79117895903787,9.506587615511972,9.87939896293048
300,7.648476878706296,8.803183528677769,9.510795956930233,9.880180505445683
301,7.6677103142831955,8.815075020022077,9.514952341626433,9.88095662071159
302,7.686804866981996,8.826854249613739,9.519057502093759,9.881727511340095
303,7.705761145558727,8.838522031044363,9.523112163523558,9.882493372272627
304,7.724579765137285,8.850079174982815,9.527117043855002,9.883254390937354
305,7.743261346958816,8.861526489202921,9.531072853821097,9.88401074740584
306,7.761806518137071,8.872864778610372,9.534980296991321,9.884762614549102
307,7.780215911419763,8.884094845268876,9.538840069811087,9.885510158193014
308,7.798490164955438,8.89521748842548,9.542652861638226,9.886253537272998
309,7.816629922066131,8.906233504535205,9.546419354776736,9.886992903987938
310,7.834635831025277,8.917143687284872,9.550140224507915,9.887728403953277
311,7.852508544840986,8.927948827616198,9.553816139119135,9.888460176353224
312,7.870248721044623,8.938649713748202,9.55744775993041,9.889188354092033
313,7.887857021484259,8.949247131198806,9.561035741318905,9.889913063944281
314,7.90533411212327,8.959741862805776,9.564580730741602,9.890634426704121
315,7.922680662843543,8.970134688746834,9.568083368756207,9.89135255733342
316,7.939897347253631,8.980426386559119,9.571544289040546,9.892067565108762
317,7.956984842501288,8.990617731157814,9.574964118410476,9.892779553767255
318,7.973943829090616,9.000709494854043,9.578343476836558,9.89348862165108
319,7.990774990703592,9.010702447372,9.58168297745955,9.894194861850762
320,8.007479014025865,9.020597355865284,9.584983226604878,9.894898362347083
321,8.024056588576592,9.030394984932387,9.588244823796161,9.895599206151616
322,8.04050840654255,9.040096096631423,9.591468361767982,9.896297471445822
323,8.056835162616029,9.049701450493963,9.594654426477907,9.896993231718671
324,8.073037553836683,9.059211803538043,9.597803597117935,9.89768655590275
325,8.089116279437139,9.068627910280295,9.60091644612543,9.898377508508798
326,8.10507204069219,9.077950522747146,9.603993539193638,9.899066149758658
327,8.12090554077166,9.087180390485134,9.607035435281862,9.89975253571658
328,8.136617484596668,9.096318260570264,9.610042686625379,9.900436718418856
329,8.152208578699307,9.105364877616408,9.613015838745175,9.901118746001753
330,8.167679531085572,9.11432098378271,9.615955430457559,9.90179866282769
331,8.183031051101487,9.123187318779983,9.618861993883709,9.90247650960966
332,8.198263849302451,9.13196461987613,9.621736054459257,9.903152323533842
333,8.213378637325357,9.140653621900409,9.624578130943876,9.903826138380383
334,8.22837612776391,9.149255057246739,9.627388735431028,9.90449798464233
335,8.243257034046541,9.157769655875823,9.630168373357815,9.905167889642671
336,8.258022070317269,9.166198145316223,9.632917543515068,9.90583587764949
337,8.272671951319106,9.174541250664257,9.635636738057636,9.906501969989183
338,8.287207392280171,9.18279969458279,9.638326442514975,9.907166185157743
339,8.301629108802182,9.1909741972988,9.640987135802003,9.907828538930081
340,8.31593781675141,9.199065476599772,9.643619290230294,9.908489044467368
341,8.330134232152096,9.207074247828931,9.646223371519653,9.9091477124224
342,8.34421907108206,9.215001223879213,9.648799838810044,9.909804551042956
343,8.358193049570437,9.222847115185985,9.651349144673908,9.910459566273152
344,8.372056883497647,9.230612629718559,9.653871735128918,9.911112761852763
345,8.385811206280628,9.238298440942804,9.656368029240795,9.911764134384304
346,8.399456338504375,9.245905090422564,9.65883835859386,9.912413660437569
347,8.412992953855383,9.253433244994728,9.661283131780715,9.913061337767878
348,8.426421758118748,9.260883582332944,9.663702759524078,9.91370716428991
349,8.439743455321812,9.26825677792136,9.6660976464183,9.91435113607194
350,8.452958747709806,9.275553504979966,9.668468190950293,9.914993247432779
351,8.466068335719498,9.282774434394716,9.670814785522367,9.915633491035916
352,8.479072917951154,9.289920234651964,9.67313781647695,9.916271857980895
353,8.491973191139055,9.296991571776834,9.675437664123091,9.916908337892048
354,8.504769850120844,9.30398910927515,9.677714702764693,9.917542919004589
355,8.517463587805903,9.310913508078603,9.679969300730416,9.918175588248166
356,8.530055095142952,9.317765426492848,9.682201820405181,9.91880633132791
357,8.542545061087061,9.324545520148265,9.684412618263208,9.919435132803018
358,8.554934172566226,9.331254441953119,9.686602044902529,9.920061976162975
359,8.56722311444764,9.337892842048921,9.688770445080921,9.920686843901375
360,8.579412569503804,9.344461367767753,9.690918157753186,9.921309717587489
361,8.591503218378586,9.35096066359139,9.693045516109727,9.92193057793554
362,8.603495739553301,9.357391371112053,9.695152847616365,9.922549404871779
363,8.615390809312947,9.363754128994627,9.697240474055326,9.923166177599397
364,8.627180246535724,9.370046200953512,9.699306362736444,9.923780352248635
365,8.638830435817528,9.376253891919472,9.701341467369922,9.924390040063598
366,8.650386426911629,9.382394227564788,9.703357771473422,9.924997907187569
367,8.661848763218641,9.388467940029805,9.705355603522829,9.925603911397065
368,8.673217994553193,9.394475748955097,9.707335285292569,9.926208011421428
369,8.684494676471907,9.400418362235383,9.709297132018436,9.926810166890915
370,8.695679369650492,9.406296476712102,9.711241452552809,9.92741033829113
371,8.706772639306312,9.41211077880955,9.713168549512789,9.928008486923158
372,8.717775054663072,9.417861945119112,9.71507871942187,9.928604574868848
373,8.728687319367706,9.42355069549659,9.716972288975786,9.929198572150407
374,8.739509740788256,9.429177585197689,9.71884946929694,9.929790427062581
375,8.750243174849487,9.434743370806265,9.7207106156572,9.930380119601697
376,8.760887915933443,9.440248584332558,9.722555922463169,9.93096759857299
377,8.771444693547858,9.4456939141886,9.7243856979944,9.93155283817868
378,8.781914091651995,9.451079987872625,9.726200204884984,9.932135804675946
379,8.792296695413059,9.456407425991186,9.727999700520462,9.932716464965823
380,8.802593090912824,9.461676842552981,9.729784437141928,9.933294786584206
381,8.81280402649737,9.466888910453356,9.731554707569016,9.933870746261732
382,8.82292975802151,9.472044103182254,9.733310660726596,9.93444429462046
383,8.83297120910688,9.477143145939909,9.7350526288989,9.935015419467934
384,8.842928626248892,9.482186497268478,9.736780748157221,9.935584072299132
385,8.852802939588395,9.487174874098871,9.738495343903287,9.936150242342917
386,8.862594390688947,9.492108722042982,9.740196541150125,9.936713882290803
387,8.87230374242731,9.496988680628306,9.741884609185098,9.937274973849817
388,8.88193174805138,9.501815387445282,9.743559810844749,9.937833498090361
389,8.891478646841955,9.506589272833015,9.745222257033847,9.938389409822355
390,8.900945198780171,9.511310961922609,9.746872204534444,9.938942692429132
391,8.910331985607948,9.515981009837375,9.748509855044594,9.939493320199125
392,8.919639587746019,9.52059996716382,9.750135406153872,9.940041268037357
393,8.928868584181217,9.525168380042368,9.751749051416281,9.940586511466996
394,8.938019552361698,9.529686790249718,9.75335098042152,9.94112902663098
395,8.947093068099527,9.534155735273501,9.75494137886468,9.941668790293654
396,8.956089705480082,9.538575748379888,9.75652042861446,9.942205779842386
397,8.96501011515873,9.542947389305526,9.758088330912656,9.942739977237858
398,8.973854706954556,9.547271122987498,9.759645212562045,9.943271352774726
399,8.982634184308388,9.551551440075693,9.761194249830506,9.943800390567581
400,8.991386232643375,9.555804773582354,9.762746509010245,9.944328784570496
401,9.000060983015016,9.56001237788057,9.764287115835533,9.944853946104828
402,9.008659143447227,9.564174589376957,9.765816230054485,9.945375880385885
403,9.01718141171103,9.5682917543193,9.767334010842184,9.945894591927315
404,9.025628516645375,9.572364245447966,9.768840628756303,9.946410086474327
405,9.034001173308976,9.576392443670773,9.770336252044853,9.946922368815011
406,9.042300083744431,9.580376737156923,9.771821046601117,9.947431442890277
407,9.050525937686977,9.584317520496406,9.773295175924218,9.9479373118955
408,9.058679413222077,9.588215193920227,9.774758801085014,9.948439978374473
409,9.066761177395644,9.592070162577187,9.776212080696986,9.948939444306243
410,9.074771886780471,9.595882835863192,9.777655170891835,9.949435711185277
411,9.082712188002064,9.59965362679938,9.77908822529948,9.949928780095497
412,9.090582718226939,9.603382951455627,9.780511395032164,9.950418651778577
413,9.0983841056161,9.607071228416178,9.781924828672404,9.950905326696919
414,9.106116969746283,9.610718878284466,9.783328672264519,9.95138880509168
415,9.11378192200131,9.614326323224315,9.784723069309479,9.951869087036204
416,9.12137956593573,9.617893986534948,9.786108160762836,9.952346172485168
417,9.128910497612775,9.621422292257419,9.78748408503552,9.952820061319748
418,9.136375305918474,9.624911664810218,9.788850977997257,9.953290753389094
419,9.143774572853657,9.62836252865201,9.790208972982452,9.953758248548342
420,9.151108873805457,9.63177530796955,9.79155820079829,9.954222546693432
421,9.158378777799753,9.635150426389007,9.792898789734917,9.954683647792939
422,9.165584847735952,9.638488306709045,9.794230865577513,9.955141551917123
423,9.17272764060537,9.641789370654081,9.795554551620091,9.9555962592644
424,9.179807707694374,9.645054038646334,9.7968699686809,9.956047770185405
425,9.186825594773328,9.648282729595273,9.798177235119233,9.956496085204812
426,9.193781842272593,9.651475860703341,9.799476466853632,9.956941205041073
427,9.200676985445975,9.654633847286593,9.80076777738116,9.957383130624208
428,9.207511554523329,9.6577571026095,9.80205127779792,9.957821863111812
429,9.214286074852051,9.660846037732519,9.803327076820354,9.958257403903342
430,9.221001067029386,9.663901061371957,9.804595280807618,9.95868975465288
431,9.22765704702535,9.66692257977095,9.805855993784641,9.959118917280415
432,9.234254526296878,9.669910996580713,9.8071093174658,9.95954489398177
433,9.240794011894886,9.67286671275177,9.808355351279436,9.959967687237288
434,9.247276006563537,9.675790126434004,9.809594192392794,9.960387299819336
435,9.25370100883292,9.678681632885137,9.810825935737487,9.960803734798722
436,9.260069513105128,9.681541624386854,9.812050674035316,9.961216995550085
437,9.266382009735144,9.684370490168426,9.81326849782465,9.96162708575638
438,9.272638985105397,9.6871686163367,9.81447949548687,9.962034009412445
439,9.278840921696201,9.689936385812707,9.81568375327337,9.962437770827805
440,9.284988298150909,9.692674178273846,9.816881355332617,9.962838374628692
441,9.291081589337042,9.69538237010163,9.818072383737505,9.963235825759384
442,9.29712126640307,9.698061334334328,9.819256918512787,9.963630129482889
443,9.30310779683164,9.70071144062439,9.820435037662708,9.96402129138104
444,9.309041644489394,9.703333055200261,9.82160681719876,9.964409317354042
445,9.314923269673459,9.705926540832243,9.822772331167492,9.96479421361949
446,9.32075312915483,9.708492256802103,9.823931651678357,9.96517598671094
447,9.3265316762191,9.711030558876258,9.825084848931628,9.965554643476034
448,9.332259360704791,9.713541799282368,9.826231991246399,9.965930191074222
449,9.337936629038811,9.716026326688784,9.82737314508844,9.966302636974122
450,9.343563924270077,9.718484486187048,9.828508375098181,9.966671988950546
451,9.349141686101115,9.720916619277096,9.829637744118662,9.967038255081214
452,9.354670350917392,9.723323063854822,9.83076131322336,9.967401443743181
453,9.360150351815484,9.725704154202253,9.831879141744164,9.967761563609027
454,9.36558211862877,9.728060220979566,9.832991287299022,9.968118623642772
455,9.370966077952442,9.730391591219526,9.83409780581982,9.96847263309562
456,9.376302653166588,9.732698588323638,9.835198751580018,9.968823601501496
457,9.38159226445839,9.734981532060274,9.836294177222353,9.969171538672404
458,9.386835328842793,9.737240738564394,9.837384133786372,9.969516454693636
459,9.392032260182198,9.739476520338897,9.83846867073593,9.969858359918844
460,9.397183469205364,9.7416891862576,9.839547835986679,9.970197264964984
461,9.402289363524915,9.743879041569437,9.840621675933349,9.970533180707156
462,9.407350347654443,9.746046387904196,9.84169023547708,9.970866118273348
463,9.412366823024646,9.748191523279443,9.842753558052625,9.971196089039097
464,9.417339187998866,9.750314742108722,9.843811685655522,9.97152310462209
465,9.422267837887713,9.752416335210757,9.844864658869085,9.97184717687669
466,9.427153164963581,9.754496589819961,9.845912516891492,9.972168317888428
467,9.431995558474021,9.756555789597709,9.846955297562582,9.972486539968452
468,9.436795404655216,9.758594214644832,9.847993037390788,9.972801855647948
469,9.441553086744506,9.760612141514837,9.849025771579809,9.973114277672531
470,9.446268984992878,9.762609843228152,9.850053534055325,9.97342381899664
471,9.450943476677057,9.7645875892872,9.85107635749163,9.973730492777916
472,9.455576936111179,9.76654564569224,9.852094273338139,9.974034312371586
473,9.460169734658159,9.768484274957968,9.853107311845816,9.974335291324852
474,9.464722240741018,9.770403736130932,9.854115502093595,9.974633443371294
475,9.469234819853742,9.772304284807554,9.855118872014623,9.974928782425295
476,9.473707834572265,9.774186173152959,9.856117448422532,9.975221322576484
477,9.478141644564907,9.776049649920287,9.85711125703751,9.975511078084219
478,9.48253660660327,9.777894960470876,9.858100322512453,9.97579806337209
479,9.486893074572514,9.77972234679483,9.859084668458891,9.976082293022477
480,9.491211399481703,9.781532047532234,9.860064317472862,9.976363781771118
481,9.495491929474191,9.78332429799495,9.861039291160726,9.976642544501756
482,9.49973500983762,9.785099330188809,9.86200961016478,9.9769185962408
483,9.5039409830151,9.786857372836838,9.86297529418916,9.977191952152086
484,9.508110188614673,9.788598651402248,9.863936362025091,9.977462627531624
485,9.51224296341965,9.79032338811226,9.864892831576311,9.97773063780244
486,9.516339641399595,9.792031801982656,9.865844719884585,9.977995998509483
487,9.520400553720311,9.793724108842351,9.866792043154776,9.978258725314568
488,9.524426028754492,9.795400521358632,9.86773481677998,9.97851883399138
489,9.528416392092073,9.797061249062645,9.868673055366436,9.978776340420552
490,9.532371966551093,9.798706498375495,9.869606772758448,9.9790312605848
491,9.536293072188586,9.800336472634667,9.87053598206313,9.97928361056413
492,9.540180026311324,9.801951372120737,9.871460695674955,9.979533406531086
493,9.544033143486725,9.803551394084439,9.872380925300156,9.979780664746098
494,9.547852735554349,9.805136732774285,9.87329668198115,9.980025401552872
495,9.5516391116367,9.806707579464149,9.874207976120509,9.980267633373849
496,9.555392578151386,9.80826412248171,9.875114817505175,9.980507376705754
497,9.559113438821806,9.809806547236462,9.876017215329979,9.980744648115172
498,9.562801994689742,9.811335036248813,9.876915178221546,9.98097946423424
499,9.566458544127057,9.81284976917897,9.877808714261661,9.981211841756377
500,9.570083382847272,9.814350922855972,9.878697831010372,9.981441797432073
501,9.573676803918604,9.815838671307544,9.87958253552928,9.981669348064788
502,9.577239097775973,9.817313185789653,9.880462834404252,9.98189451050688
503,9.580770552233762,9.818774634816533,9.88133873376809,9.982117301655617
504,9.584271452498742,9.820223184190938,9.882210239322971,9.982337738449258
505,9.587742081182745,9.821658997034378,9.883077356362516,9.982555837863197
506,9.591182718316308,9.823082233817898,9.883940089793866,9.982771616906177
507,9.594593641362135,9.82449305239287,9.884798444159372,9.98298509261658
508,9.597975125227885,9.82589160802156,9.88565242365779,9.983196282058755
509,9.601327442280795,9.827278053408566,9.886502032165698,9.983405202319448
510,9.604650862361055,9.828652538731754,9.887347273258195,9.983611870504271
511,9.607945652796383,9.830015211673777,9.888188150229636,9.983816303734255
512,9.61121207841639,9.831366217453514,9.889024666113947,9.984018519142458
513,9.61445040156647,9.832705698857316,9.889856823704438,9.984218533870628
514,9.617660882123396,9.834033796271004,9.890684625573774,9.984416365065954
515,9.62084377750935,9.835350647711175,9.891508074093103,9.984612029877853
516,9.623999342707677,9.836656388857229,9.892327171451324,9.984805545454842
517,9.627127830277765,9.837951153082985,9.893141919673711,9.984996928941454
518,9.630229490370601,9.839235071488561,9.893952320640349,9.985186197475228
519,9.633304570744162,9.840508272932103,9.894758376104125,9.985373368183746
520,9.636353316779475,9.841770884061756,9.895560087708526,9.985558458181751
521,9.639375971496104,9.843023029347288,9.896357457004852,9.985741484568296
522,9.64237277556878,9.84426483111215,9.89715048546936,9.985922464423977
523,9.645343967343168,9.845496409565046,9.89793917451975,9.98610141480821
524,9.648289782852226,9.846717882831635,9.89872352553139,9.986278352756564
525,9.651210455833237,9.847929366986449,9.899503539853328,9.986453295278164
526,9.654106217743724,9.849130976084142,9.900279218823556,9.986626259353129
527,9.656977297778694,9.850322822191224,9.901050563784226,9.986797261930082
528,9.65982392288735,9.851505015417386,9.901817576096285,9.986966319923715
529,9.66264631779027,9.852677663946885,9.90258025715382,9.987133450212394
530,9.665444704996462,9.853840874069709,9.903338608397931,9.987298669635829
531,9.668219304820463,9.85499475021257,9.904092631330172,9.98746199499279
532,9.670970335399913,9.856139394969947,9.904842327525708,9.987623443038888
533,9.67369801271277,9.85727490913475,9.905587698645935,9.987783030484387
534,9.676402550594991,9.85840139172901,9.906328746450784,9.987940773992083
535,9.679084160758007,9.859518940034265,9.907065472810553,9.988096690175226
536,9.681743052806516,9.860627649621865,9.907797879717371,9.988250795595496
537,9.684379434256169,9.861727614383014,9.90852596929623,9.988403106761027
538,9.686993510551192,9.862818926558552,9.909249743815533,9.988553640124472
539,9.689585485082645,9.86390167676878,9.909969205697431,9.988702412081135
540,9.692155559206086,9.864975954042793,9.910684357527536,9.988849438967128
541,9.69470393225944,9.866041845847636,9.911395202064291,9.988994737057585
542,9.69723080158136,9.867099438117448,9.912101742248042,9.989138322564934
543,9.699736362528608,9.868148815281879,9.912803981209418,9.989280211637189
544,9.702220808494639,9.869190060294814,9.913501922277664,9.989420420356314
545,9.70468433092744,9.870223254662468,9.914195568988323,9.989558964736615
546,9.707127119347598,9.87124847847133,9.914884925090597,9.98969586072318
547,9.709549361366372,9.872265810415813,9.915569994554309,9.989831124190369
548,9.711951242703746,9.873275327825628,9.91625078157646,9.989964770940343
549,9.71433294720647,9.87427710669286,9.916927290587408,9.990096816701634
550,9.71669465686609,9.875271221698753,9.917599526256643,9.990227277127758
551,9.719036551836954,9.876257746240189,9.9182674934982,9.990356167795875
552,9.721358810454184,9.877236752455858,9.918931197475677,9.990483504205487
553,9.723661609251625,9.87820831125212,9.919590643606893,9.990609301777177
554,9.725945122979738,9.879172492328548,9.920245837568176,9.990733575851387
555,9.728209524623463,9.880129364203148,9.920896785298279,9.990856341687241
556,9.730454985420012,9.881078994237242,9.921543493001957,9.990977614461409
557,9.732681674876638,9.882021448660044,9.922185967153185,9.991097409266999
558,9.73488976078829,9.882956792592873,9.922824214498029,9.991215741112498
559,9.737079409255259,9.883885090073054,9.923458242057183,9.991332624920751
560,9.739250784700703,9.884806404077457,9.924088057128186,9.991448075527975
561,9.741404049888136,9.885720796545714,9.92471366728729,9.99156210768281
562,9.743539365938801,9.886628328403066,9.92533508039104,9.991674736045413
563,9.74565689234899,9.887529059582889,9.925952304577518,9.991785975186577
564,9.747756787007235,9.888423049048841,9.926565348267301,9.991895839586899
565,9.749839206211446,9.889310354816688,9.927174220164119,9.99200434363598
566,9.75190430468592,9.89019103397575,9.927778929255227,9.992111501631653
567,9.753952235598277,9.89106514271002,9.928379484811488,9.992217327779255
568,9.755983150576247,9.891932736318902,9.928975896387195,9.99232183619093
569,9.7579971997244,9.892793869237618,9.929568173819614,9.992425040884967
570,9.759994531640727,9.893648595057247,9.930156327228294,9.99252695578517
571,9.76197529343312,9.894496966544414,9.930740367014096,9.99262759472026
572,9.763939630735722,9.895339035660625,9.931320303858,9.992726971423313
573,9.765887687725181,9.89617485358124,9.931896148719678,9.992825099531231
574,9.767819607136753,9.897004470714116,9.93246791283584,9.992921992584241
575,9.76973553028029,9.89782793671787,9.933035607718349,9.993017664025428
576,9.771635597056104,9.898645300519812,9.933599245152148,9.993112127200297
577,9.773519945970687,9.899456610333518,9.934158837192973,9.993205395356362
578,9.77538871415231,9.900261913676061,9.934714396164862,9.993297481642783
579,9.777242037366488,9.901061257384905,9.935265934657503,9.993388399110003
580,9.77908005003129,9.901854687634426,9.93581346552338,9.993478160709444
581,9.780902885232534,9.902642249952136,9.936357001874757,9.993566779293204
582,9.782710674738826,9.903423989234525,9.936896557080505,9.99365426761381
583,9.784503549016476,9.904199949762605,9.937432144762765,9.993740638323972
584,9.786281637244235,9.904970175217084,9.937963778793463,9.993825903976388
585,9.788045067327943,9.905734708693247,9.938491473290691,9.993910077023555
586,9.789793965914981,9.90649359271548,9.93901524261495,9.993993169817623
587,9.79152845840861,9.90724686925148,9.939535101365266,9.994075194610264
588,9.793248668982145,9.907994579726154,9.940051064375194,9.994156163552573
589,9.794954720592992,9.908736765035183,9.940563146708703,9.994236088694985
590,9.796646734996557,9.90947346555829,9.941071363655961,9.99431498198723
591,9.798324832759961,9.910204721172185,9.941575730729019,9.994392855278303
592,9.799989133275641,9.910930571263203,9.942076263657402,9.994469720316454
593,9.801639754774806,9.91165105473965,9.942572978383625,9.99454558874921
594,9.803276814340729,9.91236621004385,9.943065891058621,9.994620472123415
595,9.804900427921893,9.913076075163874,9.9435550180371,9.994694381885294
596,9.806510710345009,9.913780687645016,9.944040375872843,9.994767329380533
597,9.808107775327853,9.914480084600948,9.944521981313933,9.994839325854388
598,9.809691735491985,9.915174302724619,9.944999851297942,9.994910382451808
599,9.811262702375304,9.915863378298857,9.945474002947057,9.994980510217587
600,9.812820786444474,9.916547347206706,9.945944453563172,9.995049720096526
601,9.814366097107182,9.917226244941496,9.946411220622938,9.995118022933616
602,9.815898742724258,9.91790010661664,9.94687432177279,9.995185429474246
603,9.817418830621666,9.918568966975178,9.947333774823932,9.995251950364423
604,9.81892646710234,9.919232860399061,9.947789597747315,9.995317596151017
605,9.82042175745786,9.919891820918187,9.948241808668591,9.995382377282011
606,9.821904805980019,9.92054588221918,9.94869042586306,9.995446304106784
607,9.823375715972219,9.921195077653943,9.9491354677506,9.995509386876396
608,9.824834589760744,9.921839440247954,9.949576952890602,9.9955716357439
609,9.82628152870589,9.922479002708343,9.95001489997691,9.995633060764662
610,9.827716633212946,9.923113797431734,9.95044932783275,9.995693671896703
611,9.829140002743053,9.923743856511855,9.950880255405684,9.995753479001046
612,9.830551735823915,9.924369211746948,9.951307701762568,9.99581249184209
613,9.831951930060388,9.924989894646936,9.951731686084537,9.995870720087987
614,9.833340682144913,9.925605936440405,9.952152227661994,9.995928173311043
615,9.834718087867836,9.926217368081357,9.952569345889636,9.995984860988115
616,9.836084242127592,9.926824220255776,9.9529830602615,9.99604079250104
617,9.837439238940753,9.92742652338799,9.953393390366045,9.996095977137069
618,9.838783171451949,9.928024307646833,9.953800355881254,9.996150424089304
619,9.840116131943661,9.92861760295163,9.954203976569787,9.996204142457161
620,9.8414382118459,9.92920643897799,9.954604272274162,9.996257141246835
621,9.84274950174572,9.929790845163412,9.955001262911981,9.996309429371776
622,9.84405009139667,9.930370850712722,9.955394968471197,9.996361015653177
623,9.845340069728074,9.93094648460334,9.955785409005427,9.996411908820473
624,9.846619524854205,9.931517775590372,9.95617260462932,9.99646211751185
625,9.847888544083338,9.932084752211534,9.95655657551395,9.996511650274758
626,9.849147213926694,9.932647442791927,9.9569373418823,9.996560515566438
627,9.850395620107252,9.933205875448644,9.957314924004764,9.996608721754452
628,9.85163384756846,9.933760078095236,9.95768934219472,9.996656277117228
629,9.852861980482807,9.93431007844601,9.95806061680416,9.996703189844611
630,9.854080102260317,9.934855904020207,9.95842876821937,9.996749468038411
631,9.85528829555691,9.935397582146019,9.958793816856687,9.996795119712974
632,9.856486642282656,9.935935139964478,9.959155783158293,9.99684015279575
633,9.857675223609911,9.93646860443321,9.959514687588086,9.996884575127865
634,9.858854119981373,9.936998002330055,9.959870550627617,9.996928394464708
635,9.860023411118,9.937523360256561,9.960223392772077,9.99697161847652
636,9.861183176026845,9.938044704641358,9.960573234526363,9.997014254748978
637,9.862333493008784,9.938562061743417,9.960920096401203,9.997056310783803
638,9.863474439666124,9.93907545765517,9.961263998909343,9.997097793999357
639,9.864606092910147,9.939584918305545,9.961604962561818,9.997138711731253
640,9.865728528968523,9.940090469462884,9.961943007864267,9.997179071232964
641,9.866841823392624,9.940592136737726,9.962278155313337,9.997218879676439
642,9.867946051064783,9.941089945585531,9.962610425393143,9.99725814415272
643,9.869041286205391,9.941583921309272,9.9629398385718,9.997296871672573
644,9.870127602379977,9.942074089061938,9.963266415298033,9.997335069167097
645,9.87120507250612,9.942560473848944,9.963590175997837,9.997372743488365
646,9.872273768860337,9.943043100530456,9.963911141071229,9.997409901410048
647,9.873333763084823,9.943521993823602,9.96422933088905,9.997446549628053
648,9.87438512619415,9.943997178304631,9.964544765789856,9.99748269476115
649,9.87542792858185,9.94446867841096,9.964857466076856,9.997518343351611
650,9.876462240026912,9.944936518443157,9.965167452014937,9.997553501865855
651,9.87748812970022,9.945400722566841,9.965474743827754,9.997588176695075
652,9.878505666170879,9.9458613148145,9.96577936169489,9.997622374155887
653,9.87951491741246,9.946318319087245,9.966081325749077,9.997656100490968
654,9.880515950809187,9.946771759156489,9.966380656073493,9.9976893618697
655,9.881508833162027,9.947221658665557,9.966677372699131,9.997722164388808
656,9.882493630694702,9.947668041131232,9.966971495602225,9.997754514073009
657,9.883470409059617,9.948110929945232,9.967263044701753,9.997786416875647
658,9.88443923334374,9.948550348375635,9.967552039856999,9.997817878679342
659,9.885400168074357,9.948986319568231,9.967838500865192,9.997848905296632
660,9.886353277224796,9.949418866547825,9.968122447459198,9.997879502470607
661,9.887298624220078,9.949848012219492,9.968403899305292,9.99790967587556
662,9.888236271942441,9.950273779369756,9.968682876000978,9.997939431117622
663,9.889166282736886,9.950696190667745,9.968959397072894,9.997968773735405
664,9.890088718416544,9.951115268666275,9.969233481974758,9.997997709200632
665,9.891003640268062,9.951531035802889,9.969505150085396,9.998026242918787
666,9.891911109056888,9.95194351440087,9.969774420706827,9.998054380229737
667,9.892811185032471,9.952352726670178,9.970041313062396,9.998082126408377
668,9.893703927933425,9.952758694708368,9.97030584629499,9.998109486665255
669,9.894589396992618,9.95316144050147,9.970568039465299,9.998136466147207
670,9.89546765094218,9.953560985924797,9.970827911550144,9.998163069937982
671,9.89633874801848,9.95395735274376,9.971085481440856,9.998189303058874
672,9.897202745967009,9.954350562614614,9.971340767941722,9.998215170469336
673,9.898059702047213,9.954740637085179,9.971593789768482,9.998240677067614
674,9.898909673037284,9.955127597595531,9.971844565546883,9.998265827691354
675,9.89975271523887,9.955511465478668,9.972093113811294,9.998290627118232
676,9.900588884481719,9.955892261961118,9.972339453003363,9.998315080066558
677,9.901418236128286,9.95627000816355,9.972583601470744,9.998339191195893
678,9.902240825078287,9.95664472510134,9.972825577465864,9.998362965107653
679,9.903056705773151,9.957016433685103,9.973065399144748,9.99838640634572
680,9.903865932200482,9.957385154721225,9.973303084565895,9.99840951939704
681,9.904668557898432,9.957750908912349,9.973538651689207,9.998432308692227
682,9.905464635960003,9.958113716857842,9.973772118374956,9.998454778606153
683,9.906254219037331,9.95847359905424,9.974003502382814,9.998476933458548
684,9.907037359345908,9.958830575895686,9.974232821370926,9.998498777514587
685,9.907814108668719,9.959184667674311,9.974460092895018,9.998520314985475
686,9.9085845183604,9.959535894580652,9.974685334407582,9.99854155002903
687,9.909348639351267,9.959884276703999,9.974908563257062,9.998562486750265
688,9.910106522151354,9.96022983403275,9.975129796687128,9.99858312920196
689,9.91085821685436,9.960572586454749,9.975349051835959,9.998603481385235
690,9.91160377314159,9.960912553757604,9.975566345735595,9.998623547250123
691,9.912343240285807,9.96124975562899,9.97578169531131,9.998643330696128
692,9.913076667155075,9.961584211656941,9.97599511738104,9.99866283557279
693,9.91380410221653,9.961915941330135,9.976206628654843,9.998682065680237
694,9.914525593540127,9.96224496403815,9.97641624573441,9.998701024769746
695,9.915241188802318,9.962571299071723,9.97662398511259,9.998719716544283
696,9.915950935289706,9.96289496562299,9.976829863172984,9.998738144659054
697,9.916654879902648,9.963215982785727,9.977033896189548,9.998756312722046
698,9.91735306915882,9.963534369555564,9.97723610032625,9.998774224294557
699,9.918045549196728,9.963850144830209,9.977436491636752,9.99879188289174
700,9.91873236577921,9.96416332740965,9.977635086064135,9.998809291983124
701,9.919413564296837,9.964473935996354,9.977831899440647,9.998826454993136
702,9.920089189771351,9.964781989195462,9.978026947487491,9.998843375301632
703,9.920759327497297,9.965087523572965,9.978220256115705,9.998862086660836
704,9.921423986178981,9.965390543793657,9.978411830934695,9.998880894767021
705,9.922083201566757,9.965691064392889,9.97860168523125,9.998899392001679
706,9.922737017435798,9.965989103399952,9.978789834368774,9.998917583503077
707,9.923385477194941,9.966284678766678,9.978976293595478,9.998935474324558
708,9.924028623890923,9.966577808366049,9.979161078044513,9.998953069435935
709,9.92466650021249,9.966868509990922,9.979344202734088,9.998970373724882
710,9.925299148494386,9.967156801352862,9.97952568256763,9.998987391998284
711,9.925926610721222,9.967442700081067,9.979705532333938,9.999004128983575
712,9.926548928531282,9.967726223721392,9.979883766707387,9.999020589330053
713,9.927166143220242,9.96800738973547,9.980060400248124,9.999036777610167
714,9.927778295744762,9.9682862154999,9.980235447402308,9.99905269832079
715,9.928385426725988,9.968562718305488,9.980408922502331,9.999068355884472
716,9.928987576453054,9.968836915356608,9.980580839767104,9.999083754650659
717,9.929584784886424,9.969108823770572,9.980751213302318,9.99909889889691
718,9.930177091661202,9.969378460577095,9.980920057100747,9.999113792830084
719,9.930764536090347,9.969645842717782,9.981087385042557,9.999128440587501
720,9.93134715716789,9.9699109870457,9.981253210895641,9.999142846238101
721,9.931924993571997,9.970173910324975,9.981417548315953,9.999157013783568
722,9.932498083668047,9.970434629230425,9.981580410847876,9.999170947159447
723,9.933066465511631,9.970693160347265,9.981741811924591,9.999184650236229
724,9.933630176851468,9.970949520170803,9.98190176486847,9.999198126820435
725,9.934189255132326,9.971203725106221,9.982060282891478,9.99921138065567
726,9.934743737497842,9.971455791468346,9.982217379095585,9.999224415423658
727,9.935293660793338,9.971705735481477,9.982373066473208,9.999237234745275
728,9.935839061568547,9.971953573279226,9.982527357907639,9.999249842181545
729,9.936379976080328,9.972199320904393,9.982680266173508,9.999262241234636
730,9.936916440295349,9.972442994308864,9.982831803937257,9.999274435348827
731,9.937448489892676,9.972684609353529,9.982981983757604,9.999286427911471
732,9.937976160266375,9.972924181808217,9.983130818086044,9.99929822225393
733,9.938499486528087,9.973161727351679,9.983278319267352,9.999309821652506
734,9.93901850350949,9.973397261571536,9.983424499540087,9.999321229329347
735,9.939533245764805,9.973630799964306,9.983569371037117,9.999332448453343
736,9.940043747573252,9.97386235793541,9.983712945786154,9.999343482141008
737,9.940550042941409,9.974091950799183,9.983855235710287,9.999354333457342
738,9.94105216560564,9.974319593778946,9.98399625262854,9.999365005416688
739,9.941550149034423,9.97454530200705,9.984136008256423,9.999375500983565
740,9.942044026430647,9.974769090524946,9.984274514206499,9.999385823073489
741,9.94253383073393,9.974990974283278,9.984411781988964,9.999395974553792
742,9.943019594622882,9.975210968141981,9.984547823012228,9.999405958244413
743,9.94350135051729,9.975429086870372,9.98468264858349,9.999415776918676
744,9.943979130580358,9.975645345147282,9.984816269909349,9.99942543330407
745,9.944452966720892,9.975859757561182,9.984948698096401,9.999434930083003
746,9.944922890595418,9.976072338610312,9.985079944151842,9.999444269893546
747,9.94538893361033,9.976283102702837,9.985210018984082,9.999453455330164
748,9.945851126924001,9.976492064157004,9.985338933403373,9.99946248894444
749,9.946309501448846,9.976699237201297,9.985466698122424,9.999471373245784
750,9.946764087853376,9.976904635974613,9.985593323757032,9.99948011070213
751,9.94721491656422,9.977108274526435,9.985718820826708,9.999488703740617
752,9.94766201776817,9.977310166817034,9.985843199755331,9.999497154748271
753,9.948105421414148,9.977510326717656,9.98596647087178,9.99950546607266
754,9.948545157215152,9.97770876801071,9.98608864441057,9.999513640022554
755,9.948981254650231,9.977905504389993,9.986209730512515,9.99952167886856
756,9.949413742966398,9.97810054946089,9.986329739225374,9.999529584843751
757,9.94984265118053,9.978293916740606,9.986448680504502,9.999537360144299
758,9.950268008081247,9.978485619658375,9.986566564213508,9.99954500693007
759,9.950689842230798,9.978675671555713,9.986683400124917,9.999552527325234
760,9.95110818196688,9.97886408568663,9.986799197920831,9.999559923418849
761,9.951523055404461,9.979050875217883,9.986913967193582,9.999567197265444
762,9.951934490437642,9.979236053229233,9.987027717446416,9.999574350885592
763,9.952342514741382,9.979419632713684,9.987140458094146,9.999581386266465
764,9.952747155773293,9.979601626577741,9.987252198463816,9.999588305362392
765,9.953148440775399,9.979782047641674,9.987362947795376,9.9995951100954
766,9.953546396775868,9.979960908639782,9.987472715242351,9.999601802355748
767,9.953941050590721,9.98013822222066,9.987581509872506,9.99960838400245
768,9.954332428825555,9.980314000947484,9.987689340668519,9.999614856863793
769,9.95472055787722,9.980488257298282,9.987796216528654,9.999621222737849
770,9.955105463935471,9.980661003666214,9.98790214626742,9.999627483392963
771,9.95548717298467,9.980832252359871,9.988007138616258,9.999633640568259
772,9.95586571080536,9.98100201560355,9.988111202224193,9.999639695974112
773,9.95624110297593,9.981170305537557,9.98821434565851,9.999645651292628
774,9.956613374874212,9.981337134218503,9.988316577405428,9.99965150817811
775,9.956982551679063,9.981502513619606,9.988417905870751,9.999657268257515
776,9.957348658371965,9.981666455630998,9.988518339380558,9.999662933130914
777,9.957711719738564,9.98182897206003,9.988617886181848,9.999668504371927
778,9.958071760370215,9.981990074631577,9.988716554443206,9.999673983528167
779,9.958428804665562,9.982149774988375,9.988814352255485,9.999679372121665
780,9.958782876831988,9.982308084691311,9.988911287632435,9.999684671649296
781,9.959134000887177,9.982465015219766,9.989007368511393,9.999689883583192
782,9.959482200660549,9.982620577971913,9.98910260275391,9.999695009371155
783,9.959827499794807,9.982774784265073,9.989196998146436,9.999700050437056
784,9.96016992174738,9.982927645336039,9.98929056240096,9.999705008181232
785,9.960509489791791,9.98307917234137,9.989383303155643,9.999709883980874
786,9.960846227019255,9.983229376357786,9.989475227975507,9.999714679190408
787,9.961180156339958,9.983378268382454,9.989566344353042,9.999719395141877
788,9.961511300484558,9.983525859333362,9.989656659708874,9.999724033145306
789,9.96183968200555,9.983672160049643,9.989746181392398,9.999728594489063
790,9.962165323278645,9.983817181291913,9.989834916682412,9.999733080440228
791,9.96248824650418,9.983960933742638,9.989922872787758,9.999737492244932
792,9.962808473708474,9.98410342800648,9.990010056847963,9.999741831128715
793,9.963126026745158,9.984244674610625,9.99009647593385,9.999746098296853
794,9.963440927296514,9.984384684005155,9.990182137048178,9.999750294934707
795,9.963753196874839,9.984523466563402,9.990267047126263,9.999754422208042
796,9.964062856823732,9.9846610325823,9.990351213036597,9.999758481263358
797,9.964369928319428,9.984797392282752,9.990434641581471,9.9997624732282
798,9.964674432372062,9.984932555809978,9.990517339497583,9.999766399211483
799,9.964976389826983,9.985066533233892,9.99059931345665,9.999770260303785
800,9.965275821365987,9.985199334549446,9.990680570066015,9.999774057577666
801,9.96557274750861,9.985330969677007,9.990761115869246,9.999777792087952
802,9.965867188613379,9.985461448462729,9.990840957346748,9.99978146487204
803,9.966159164879038,9.985590780678912,9.990920100916346,9.999785076950175
804,9.9664486963458,9.985718976024378,9.990998552933894,9.999788629325742
805,9.966735802896531,9.985846044124834,9.99107631969384,9.99979212298554
806,9.96702050425803,9.985971994533267,9.991153407429845,9.999795558900056
807,9.967302820002153,9.986096836730288,9.991229822315333,9.99979893802374
808,9.96758276954703,9.986220580124519,9.991305570464082,9.999802261295267
809,9.96786037215713,9.986343234052493,9.991380657930511,9.999805529637792
810,9.968135646948383,9.986464807780687,9.991455090711279,9.999808743959214
811,9.96840861288594,9.986585310504498,9.991528874744942,9.999811905152425
812,9.968679288781294,9.98670475134696,9.991602015911473,9.999815014095562
813,9.968947693302677,9.986823139362881,9.99167452003528,9.999818071652244
814,9.969213844973183,9.986940483538076,9.991746392884904,9.999821078671816
815,9.969477762164546,9.987056792786646,9.991817640171702,9.999824035989587
816,9.969739463106745,9.987172075954915,9.991888267552575,9.999826944427056
817,9.969998965885848,9.987286341820383,9.99195828062972,9.999829804792148
818,9.970256288447978,9.98739959909336,9.992027684951868,9.999832617879429
819,9.970511448594854,9.987511856415109,9.992096486013333,9.999835384470336
820,9.970764463991172,9.987623122360734,9.99216468925626,9.999838105333389
821,9.971015352159403,9.987733405437053,9.992232300069453,9.999840781224403
822,9.971264130483409,9.987842714083952,9.99229932378963,9.999843412886706
823,9.97151081621379,9.987951056676582,9.992365765703028,9.999846001051335
824,9.971755426463284,9.988058441523462,9.992431631044411,9.999848546437244
825,9.971997978211638,9.988164876868414,9.992496924998608,9.999851049751506
826,9.972238488302073,9.988270370889136,9.992561652699765,9.999853511689505
827,9.972476973442472,9.988374931697496,9.992625819232005,9.999855932935134
828,9.972713450218654,9.98847856734504,9.992689429633096,9.99985831416098
829,9.97294793506845,9.988581285812367,9.992752488887819,9.999860656028513
830,9.973180444316489,9.988683095023235,9.992815001937464,9.999862959188272
831,9.973410994153198,9.988784002836104,9.992876973674393,9.999865224280041
832,9.973639600639647,9.988884017046106,9.99293840894354,9.999867451933032
833,9.973866279711572,9.988983145386525,9.99299931254379,9.999869642766052
834,9.974091047174445,9.98908139552695,9.993059689226788,9.999871797387685
835,9.974313918716575,9.989178775078413,9.993119543700743,9.999873916396457
836,9.974534909897173,9.989275291588763,9.993178880627314,9.999876000380993
837,9.974754036153842,9.989370952545586,9.9932377046239,9.999878049920198
838,9.974971312798464,9.989465765374524,9.993296020262752,9.999880065583405
839,9.975186755024675,9.989559737442242,9.993353832073225,9.999882047930535
840,9.975400377910809,9.989652876057823,9.993411144542636,9.999883997512258
841,9.975612196406967,9.98974518846751,9.993467962113021,9.999885914870138
842,9.97582222534786,9.989836681859732,9.993524289184899,9.99988780053679
843,9.976030479452923,9.989927363365288,9.993580130117415,9.999889655036025
844,9.976236973323223,9.990017240056229,9.993635489227621,9.999891478882999
845,9.976441721443411,9.990106318946495,9.993690370791311,9.999893272584348
846,9.976644738186991,9.99019460699418,9.993744779044535,9.999895036638339
847,9.97684603780344,9.99028211109627,9.993798718180404,9.999896771535
848,9.977045634437758,9.990368838096497,9.993852192354549,9.99989847775626
849,9.97724354212563,9.990454794783657,9.993905205683841,9.999900155776082
850,9.977439774784933,9.99053998788817,9.99395776224433,9.999901806060599
851,9.977634346222999,9.990624424084876,9.99400986607346,9.999903429068235
852,9.977827270136656,9.990708109993093,9.994061521170279,9.99990502524984
853,9.978018560121846,9.99079105218075,9.994112731498017,9.999906595048808
854,9.978208229659025,9.990873257158432,9.994163500980424,9.999908138901208
855,9.978396292119784,9.990954731381994,9.994213833503776,9.999909657235902
856,9.978582760778412,9.991035481257365,9.994263732920063,9.99991115047466
857,9.978767648793465,9.991115513133172,9.994313203042212,9.999912619032282
858,9.978950969218737,9.991194833305048,9.994362247647302,9.999914063316712
859,9.97913273501332,9.991273448019923,9.994410870479276,9.999915483729154
860,9.979312959035479,9.991351363473735,9.994459075247372,9.999916880664177
861,9.979491654022047,9.991428585802895,9.994506865620934,9.99991825450983
862,9.979668832623048,9.9915051210983,9.994554245238847,9.999919605647747
863,9.979844507381554,9.991580975397303,9.99460121770426,9.999920934453256
864,9.980018690750155,9.99165615469057,9.994647786589036,9.99992224129548
865,9.980191395069468,9.991730664913383,9.994693955428197,9.99992352653744
866,9.980362632585122,9.991804511952463,9.994739727724667,9.999924790536161
867,9.980532415453249,9.991877701648226,9.994785106950898,9.999926033642762
868,9.980700755719807,9.991950239786707,9.99483009654333,9.99992725620256
869,9.98086766534469,9.992022132109076,9.994874699909161,9.999928458555162
870,9.981033156186545,9.992093384305782,9.994918920422286,9.99992964103457
871,9.981197240012767,9.992164002020585,9.99496276142612,9.999930803969256
872,9.981359928491925,9.9922339908475,9.995006226231778,9.999931947682269
873,9.98152123320483,9.99230335633539,9.99504931812109,9.999933072491315
874,9.981681165635685,9.99237210398444,9.995092040344382,9.99993417870885
875,9.98183973717864,9.992440239248868,9.995134396122348,9.999935266642167
876,9.981996959137348,9.992507767536894,9.995176388646007,9.999936336593477
877,9.982152842720028,9.992574694208631,9.99521802107561,9.999937388859998
878,9.982307399046768,9.992641024579251,9.995259296542613,9.999938423734033
879,9.98246063914868,9.992706763918457,9.995300218149747,9.999939441503058
880,9.982612573973245,9.99277191745303,9.995340788972339,9.999940442449793
881,9.982763214370705,9.992836490361356,9.995381012054809,9.999941426852287
882,9.982912571114584,9.992900487781531,9.995420890416446,9.999942394983993
883,9.983060654881422,9.992963914803482,9.995460427045938,9.999943347113843
884,9.983207476267147,9.993026776475494,9.995499624905948,9.999944283506327
885,9.9833530457887,9.993089077805138,9.995538486933535,9.99994520442156
886,9.983497373869913,9.993150823753531,9.995577016036536,9.999946110115362
887,9.983640470852833,9.993212019239976,9.995615215096684,9.999947000839319
888,9.983782346996277,9.993272669141373,9.995653086969408,9.999947876840862
889,9.983923012475161,9.993332778292135,9.995690634483639,9.999948738363333
890,9.984062477381576,9.993392351484497,9.995727860442345,9.99994958564605
891,9.984200751732848,9.993451393472004,9.995764767624667,9.999950418924376
892,9.984337845456354,9.993509908963558,9.99580135878188,9.999951238429784
893,9.98447376840516,9.9935679026295,9.99583763664187,9.99995204438992
894,9.984608530357631,9.99362537910173,9.99587360390898,9.999952837028669
895,9.984742141000082,9.993682342966903,9.995909263259364,9.999953616566216
896,9.984874609952296,9.993738798776532,9.995944617348085,9.999954383219105
897,9.985005946742449,9.993794751036921,9.995979668802509,9.999955137200299
898,9.985136160845244,9.993850204224842,9.996014420232434,9.999955878719245
899,9.985265261633845,9.993905162768106,9.996048874217403,9.999956607981927
900,9.985393258418698,9.99395963106127,9.996083033317163,9.999957325190923
901,9.985520160428793,9.994013613458202,9.996116900066713,9.999958030545464
902,9.985645976835672,9.994067114281851,9.996150476982791,9.999958724241488
903,9.985770716708146,9.994120137806057,9.99618376655182,9.99995940647169
904,9.985894389070255,9.994172688278917,9.996216771245557,9.99996007742559
905,9.986017002848948,9.994224769901868,9.996249493507086,9.999960737289564
906,9.986138566916505,9.994276386846824,9.996281935762264,9.999961386246916
907,9.986259090056754,9.994327543242475,9.996314100410855,9.999962024477917
908,9.986378580993874,9.994378243186064,9.996345989834252,9.999962652159857
909,9.986497048381185,9.994428490738988,9.996377606392514,9.999963269467097
910,9.986614500800465,9.994478289926688,9.996408952424165,9.999963876571117
911,9.986730946758353,9.994527644737136,9.996440030245404,9.999964473640562
912,9.986846394696585,9.994576559124948,9.996470842152952,9.999965060841289
913,9.98696085298691,9.994625037009435,9.996501390422747,9.999965638336414
914,9.987074329935638,9.994673082276712,9.996531677311076,9.99996620628636
915,9.987186833784264,9.99472069877988,9.996561705054901,9.99996676484889
916,9.987298372704494,9.994767890337187,9.996591475870503,9.99996731417917
917,9.987408954798553,9.994814660732217,9.996620991953632,9.99996785442979
918,9.987518588094494,9.994861013711697,9.996650255478567,9.99996838575083
919,9.98762728056478,9.99490695299328,9.996679268602987,9.99996890828988
920,9.987735040124294,9.994952482264864,9.99670803346747,9.999969422192095
921,9.987841874617276,9.994997605179707,9.996736552191825,9.99996992760023
922,9.987947791832918,9.99504232536252,9.996764826879485,9.999970424654679
923,9.988052799473149,9.995086646396532,9.996792859608947,9.999970913493517
924,9.988156905193602,9.995130571839836,9.99682065244494,9.999971394252537
925,9.98826011657521,9.995174105214256,9.996848207430721,9.999971867065288
926,9.988362441157044,9.995217250018365,9.996875526597098,9.999972332063109
927,9.988463886400831,9.99526000971385,9.996902611952581,9.999972789375171
928,9.988564459712226,9.995302387733608,9.996929465489467,9.999973239128508
929,9.98866416843953,9.995344387481499,9.996956089183422,9.999973681448054
930,9.98876301986601,9.995386012329401,9.996982484991399,9.99997411645668
931,9.988861021216993,9.995427265619982,9.997008654853682,9.999974544275227
932,9.988958179658749,9.99546815066636,9.997034600693604,9.999974965022536
933,9.989054502298815,9.995508670752304,9.99706032441766,9.999975378815483
934,9.98914999618653,9.99554882913251,9.997085827915697,9.999975785769015
935,9.989244668313427,9.995588629032824,9.99711111306105,9.999976185996179
936,9.989338525613832,9.995628073650543,9.997136181710756,9.99997657960815
937,9.989431574965188,9.995667166154618,9.997161035705656,9.99997696671427
938,9.989523823188453,9.995705909685858,9.997185676870545,9.99997734742207
939,9.98961527704869,9.995744307357246,9.997210107014373,9.999977721837304
940,9.989705943255478,9.995782362254158,9.997234327930379,9.999978090063983
941,9.989795828463265,9.995820077434567,9.997258341396218,9.999978452204394
942,9.989884939271805,9.995857455929283,9.997282149174122,9.999978808359131
943,9.98997328222673,9.995894500742235,9.997305753011064,9.999979158627132
944,9.990060863819807,9.995931214850643,9.997329154638877,9.999979503105697
945,9.990147690489437,9.995967601205273,9.997352355774407,9.999979841890516
946,9.99023376862111,9.996003662730681,9.997375358119664,9.999980175075699
947,9.990319104547687,9.996039402325383,9.99739816336193,9.999980502753798
948,9.99040370454996,9.996074822862136,9.997420773173936,9.999980825015841
949,9.990487574857102,9.996109927188181,9.997443189214005,9.999981141951345
950,9.990570721646854,9.996144718125375,9.99746541312613,9.999981453648351
951,9.990653151046155,9.996179198470495,9.997487446540173,9.999981760193444
952,9.990734869131334,9.996213370995376,9.997509291071937,9.999982061671778
953,9.990815881928818,9.996247238447253,9.997530948323377,9.9999823581671
954,9.990896195415203,9.996280803548842,9.997552419882643,9.999982649761773
955,9.990975815517764,9.996314068998599,9.997573707324246,9.999982936536794
956,9.991054748115028,9.996347037471002,9.997594812209229,9.99998321857183
957,9.991132999036775,9.99637971161662,9.997615736085187,9.999983495945221
958,9.991210574064695,9.996412094062407,9.997636480486467,9.99998376873402
959,9.991287478932856,9.996444187411955,9.997657046934314,9.999984037014006
960,9.991363719327977,9.996475994245664,9.99767743693696,9.999984300859701
961,9.991439300889445,9.996507517120788,9.997697651989654,9.999984560344398
962,9.991514229210365,9.996538758571914,9.997717693574954,9.999984815540177
963,9.991588509837428,9.996569721110953,9.99773756316272,9.99998506651793
964,9.99166214827152,9.99660040722745,9.997757262210285,9.999985313347374
965,9.991735149967905,9.996630819388699,9.997776792162524,9.999985556097075
966,9.991807520336716,9.99666096003998,9.997796154452002,9.999985794834464
967,9.99187926474326,9.996690831604747,9.997815350499081,9.99998602962586
968,9.991950388508487,9.996720436484857,9.997834381712046,9.999986260536486
969,9.992020896909086,9.996749777060657,9.997853249487154,9.999986487630483
970,9.992090795178196,9.996778855691316,9.997871955208844,9.999986710970937
971,9.992160088505438,9.996807674714889,9.997890500249742,9.999986930619887
972,9.99222878203744,9.996836236448573,9.997908885970839,9.999987146638349
973,9.992296880878168,9.996864543188885,9.997927113721579,9.99998735908633
974,9.992364390089156,9.996892597211799,9.997945184839928,9.999987568022844
975,9.992431314689863,9.996920400772943,9.997963100652498,9.999987773505932
976,9.992497659658197,9.99694795610784,9.997980862474693,9.999987975592674
977,9.992563429930577,9.996975265431992,9.997998471610726,9.999988174339206
978,9.992628630402546,9.99700233094116,9.998015929353818,9.999988369800738
979,9.992693265928832,9.997029154811436,9.998033236986196,9.999988562031564
980,9.992757341323848,9.997055739199483,9.998050395779263,9.999988751085088
981,9.992820861361983,9.997082086242703,9.998067406993671,9.999988937013821
982,9.992883830777808,9.997108198059355,9.998084271879398,9.999989119869415
983,9.992946254266611,9.99713407674881,9.998100991675884,9.999989299702662
984,9.993008136484471,9.99715972439163,9.99811756761208,9.999989476563519
985,9.993069482048792,9.997185143049812,9.998134000906582,9.999989650501115
986,9.993130295538458,9.9972103347669,9.998150292767692,9.999989821563767
987,9.993190581494307,9.997235301568214,9.99816644439355,9.999989989798994
988,9.993250344419268,9.997260045460939,9.998182456972176,9.99999015525353
989,9.993309588778558,9.99728456843425,9.99819833168153,9.999990317973335
990,9.99336831900033,9.997308872459604,9.998214069689702,9.99999047800361
991,9.993426539475788,9.997332959490828,9.998229672154938,9.99999063538881
992,9.99348425455945,9.997356831464261,9.998245140225729,9.999990790172655
993,9.993541468569468,9.997380490298923,9.998260475040887,9.99999094239814
994,9.993598185788095,9.997403937896733,9.998275677729694,9.999991092107553
995,9.99365441046156,9.997427176142505,9.998290749411861,9.99999123934248
996,9.993710146800888,9.997450206904302,9.998305691197762,9.99999138414382
997,9.993765398981598,9.99747303203336,9.99832050418835,9.9999915265518
998,9.993820171144554,9.997495653364457,9.9983351894754,9.999991666605974
999,9.993874467395935,9.997518072715938,9.9983497481415,9.99999180434525
1000,9.99392829180754,9.997540291889877,9.998364181260138,9.99999193980789
1001,9.993981648417176,9.99756231267226,9.99837848989581,9.999992073031523
1002,9.994034541228789,9.997584136833076,9.99839267510406,9.999992204053157
1003,9.994086974212884,9.997605766126517,9.998406737931598,9.999992332909187
1004,9.994138951306574,9.997627202291032,9.998420679416313,9.99999245963541
1005,9.99419047641412,9.997648447049565,9.998434500587425,9.999992584267025
1006,9.994241553406988,9.99766950210963,9.998448202465505,9.999992706838656
1007,9.994292186124293,9.9976903691635,9.998461786062594,9.99999282738435
1008,9.994342378372906,9.997711049888299,9.998475252382232,9.999992945937594
1009,9.994392133927873,9.997731545946188,9.99848860241958,9.999993062531319
1010,9.994441456532408,9.997751858984401,9.998501837161417,9.999993177197913
1011,9.994490349898424,9.997771990635481,9.998514957586288,9.99999328996923
1012,9.994538817706701,9.997791942517386,9.998527964664545,9.999993400876598
1013,9.994586863607008,9.997811716233558,9.998540859358387,9.999993509950821
1014,9.994634491218637,9.997831313373169,9.998553642622007,9.9999936172222
1015,9.994681704130373,9.997850735511145,9.998566315401577,9.999993722720536
1016,9.994728505900952,9.997869984208364,9.998578878635383,9.999993826475132
1017,9.994774900059141,9.997889061011733,9.998591333253843,9.99999392851481
1018,9.994820890103881,9.99790796745426,9.998603680179546,9.999994028867915
1019,9.99486647950493,9.997926705055342,9.998615920327426,9.999994127562326
1020,9.994911671702786,9.997945275320756,9.998628054604747,9.999994224625457
1021,9.99495647010905,9.99796367974285,9.998640083911198,9.999994320084271
1022,9.995000878106682,9.997981919800653,9.998652009138958,9.999994413965284
1023,9.995044899049953,9.99799999695989,9.99866383117269,9.999994506294577
1024,9.995088536265026,9.99801791267324,9.998675550889699,9.999994597097796
1025,9.995131793050076,9.998035668380398,9.99868716915996,9.999994686400166
1026,9.995174672675322,9.998053265508132,9.998698686846128,9.999994774226494
1027,9.995217178383708,9.998070705470564,9.998710104803727,9.999994860601175
1028,9.995259313390685,9.998087989669118,9.998721423881085,9.999994945548206
1029,9.995301080884737,9.998105119492754,9.998732644919471,9.999995029091181
1030,9.995342484027077,9.99812209631786,9.99874376875303,9.999995111253309
1031,9.99538352595285,9.998138921508767,9.99875479620909,9.999995192057412
1032,9.995424209770375,9.998155596417467,9.998765728107962,9.999995271525936
1033,9.995464538561757,9.998172122383878,9.998776565263112,9.999995349680958
1034,9.995504515383162,9.998188500735974,9.998787308481225,9.999995426544189
1035,9.995544143264887,9.998204732789846,9.998797958562227,9.999995502136978
1036,9.995583425211738,9.998220819849859,9.998808516299393,9.999995576480323
1037,9.995622364203195,9.998236763208757,9.998818982479376,9.99999564959488
1038,9.995660963193492,9.998252564147709,9.998829357882242,9.999995721500953
1039,9.995699225111744,9.998268223936382,9.998839643281492,9.999995792218522
1040,9.99573715286245,9.998283743833149,9.998849839444208,9.999995861767228
1041,9.99577474932563,9.998299125085188,9.998859947131082,9.999995930166392
1042,9.995812017356938,9.998314368928535,9.998869967096445,9.999995997435015
1043,9.995848959787716,9.998329476588124,9.998879900088282,9.999996063591782
1044,9.995885579425542,9.998344449278031,9.998889746848379,9.99999612865507
1045,9.995921879054046,9.998359288201419,9.998899508112274,9.999996192642953
1046,9.995957861433393,9.998373994550747,9.998909184609385,9.999996255573208
1047,9.995993529300325,9.998388569507805,9.998918777063016,9.999996317463314
1048,9.996028885368696,9.998403014243952,9.998928286190509,9.999996378330463
1049,9.9960639323289,9.998417329919905,9.998937712703073,9.999996438191564
1050,9.996098672848987,9.998431517686198,9.998947057306106,9.999996497063245
1051,9.996133109574098,9.998445578682986,9.998956320699014,9.99999655496186
1052,9.996167245127117,9.998459514040308,9.998965503575409,9.999996611903493
1053,9.996201082108515,9.998473324878052,9.998974606623056,9.999996667903961
1054,9.996234623096942,9.998487012306207,9.99898363052403,9.99999672297882
1055,9.996267870649005,9.998500577424785,9.998992575954654,9.999996777143368
1056,9.996300827299702,9.998514021324024,9.999001443585618,9.999996830412652
1057,9.996333495562537,9.998527345084439,9.999010234082007,9.99999688280147
1058,9.996365877929392,9.998540549776791,9.999018948103268,9.999996934324376
1059,9.99639797687152,9.9985536364625,9.99902758630347,9.99999698499568
1060,9.996429794838766,9.99856660619335,9.999036149331095,9.999997034829457
1061,9.996461334260372,9.99857946001183,9.999044637829254,9.999997083839553
1062,9.99649259754494,9.998592198951128,9.999053052435677,9.999997132039582
1063,9.996523587080434,9.998604824035148,9.999061393782707,9.999997179442932
1064,9.996554305234662,9.99861733627872,9.999069662497435,9.99999722606277
1065,9.996584754355272,9.998629736687613,9.999077859201691,9.999997271912049
1066,9.99661493677007,9.998642026258677,9.999085984512131,9.999997317003503
1067,9.99664485478681,9.99865420597977,9.999094039040177,9.99999736134966
1068,9.996674510693929,9.998666276830075,9.999102023392215,9.999997404962837
1069,9.996703906760203,9.998678239779967,9.9991099381695,9.999997447855149
1070,9.996733045234992,9.998690095791122,9.99911778396822,9.999997490038512
1071,9.996761928348818,9.998701845816777,9.99912556137965,9.999997531524643
1072,9.996790558312926,9.998713490801551,9.999133270990033,9.999997572325068
1073,9.996818937319919,9.99872503168172,9.999140913380748,9.999997612451118
1074,9.996847067543573,9.998736469385161,9.99914848912826,9.99999765191394
1075,9.996874951139372,9.998747804831563,9.99915599880426,9.999997690724499
1076,9.996902590244044,9.998759038932272,9.999163442975542,9.999997728893574
1077,9.996929986976767,9.998770172590772,9.99917082220432,9.999997766431767
1078,9.99695714343799,9.998781206702244,9.99917813704791,9.999997803349506
1079,9.99698406171044,9.998792142153956,9.999185388059006,9.999997839657048
1080,9.997010743859331,9.998802979825369,9.999192575785733,9.999997875364476
1081,9.997037191931925,9.998813720587979,9.99919970077152,9.999997910481712
1082,9.997063407958207,9.998824365305595,9.999206763555287,9.999997945018508
1083,9.997089393950912,9.998834914834358,9.999213764671445,9.99999797898446
1084,9.997115151905458,9.99884537002273,9.999220704649883,9.999998012389003
1085,9.997140683800204,9.998855731711608,9.999227584016026,9.999998045241416
1086,9.99716599159679,9.998866000734461,9.999234403290934,9.999998077550824
1087,9.997191077239775,9.998876177917213,9.999241162991202,9.999998109326203
1088,9.9972159426577,9.99888626407866,9.99924786362924,9.99999814057638
1089,9.997240589761926,9.998896260030033,9.999254505712956,9.999998171310036
1090,9.997265020447896,9.9989061665755,9.999261089746106,9.999998201535707
1091,9.997289236594938,9.998915984512106,9.999267616228229,9.999998231261792
1092,9.997313240066113,9.998925714629719,9.999274085654603,9.999998260496545
1093,9.997337032708636,9.998935357711206,9.999280498516363,9.999998289248088
1094,9.997360616353674,9.998944914532366,9.999286855300443,9.99999831752441
1095,9.997383992817223,9.998954385862286,9.999293156489811,9.999998345333363
1096,9.997407163899135,9.998963772462963,9.999299402563203,9.999998372682674
1097,9.997430131384425,9.998973075089834,9.999305593995478,9.999998399579939
1098,9.997452897042496,9.99898229449148,9.999311731257404,9.99999842603263
1099,9.997475462627719,9.998991431409863,9.999317814815809,9.999998452048095
1100,9.997497829879563,9.99900048658039,9.999323845133622,9.99999847763356
1101,9.997520000522336,9.999009460731818,9.999329822669798,9.999998502796135
1102,9.997541976265666,9.999018354586449,9.999335747879446,9.999998527542807
1103,9.997563758804727,9.99902716886023,9.999341621213887,9.999998551880452
1104,9.997585349820026,9.999035904262689,9.999347443120596,9.99999857581583
1105,9.997606750977763,9.999044561497072,9.9993532140433,9.99999859935559
1106,9.997627963929617,9.999053141260278,9.99935893442191,9.999998622506272
1107,9.997648990313404,9.999061644243115,9.99936460469271,9.999998645274305
1108,9.997669831752336,9.99907007113002,9.999370225288148,9.999998667666015
1109,9.997690489856376,9.999078422599602,9.999375796637205,9.99999868968762
1110,9.997710966221533,9.999086699324387,9.999381319165193,9.99999871134524
1111,9.997731262430056,9.999094901970885,9.999386793293812,9.99999873264489
1112,9.997751380050355,9.999103031199569,9.99939221944113,9.999998753592486
1113,9.99777132063777,9.999111087665195,9.999397598021785,9.999998774193848
1114,9.997791085734072,9.999119072016605,9.999402929446846,9.999998794454699
1115,9.997810676867841,9.999126984896886,9.999408214123926,9.999998814380666
1116,9.997830095554763,9.9991348269435,9.999413452457244,9.999998833977285
1117,9.997849343296814,9.99914259878796,9.999418644847413,9.99999885325
1118,9.997868421583995,9.99915030105653,9.99942379169191,9.999998872204165
1119,9.997887331892757,9.9991579343696,9.99942889338464,9.999998890845042
1120,9.997906075687295,9.99916549934222,9.999433950316288,9.999998909177812
1121,9.9979246544189,9.999172996583837,9.99943896287415,9.999998927207567
1122,9.997943069526938,9.999180426698695,9.999443931442382,9.999998944939316
1123,9.997961322437524,9.999187790285317,9.999448856401651,9.999998962377985
1124,9.997979414565311,9.999195087937215,9.999453738129619,9.999998979528417
1125,9.997997347312761,9.99920232024262,9.999458577000729,9.999998996395377
1126,9.998015122069733,9.999209487784322,9.999463373386103,9.99999901298355
1127,9.99803274021429,9.999216591139978,9.999468127653763,9.999999029297543
1128,9.998050203113081,9.99922363088229,9.99947284016873,9.99999904534189
1129,9.998067512120329,9.9992306075786,9.999477511292742,9.999999061121045
1130,9.99808466857927,9.999237521791475,9.99948214138465,9.999999076639392
1131,9.998101673821091,9.999244374078284,9.999486730800122,9.999999091901245
1132,9.99811852916562,9.999251164991476,9.999491279891839,9.99999910691084
1133,9.998135235921255,9.999257895078562,9.999495789009467,9.999999121672348
1134,9.998151795385692,9.999264564882411,9.999500258499852,9.999999136189867
1135,9.998168208844625,9.999271174940741,9.999504688706669,9.999999150467433
1136,9.998184477573224,9.999277725786705,9.99950907997082,9.999999164509012
1137,9.998200602835448,9.999284217948622,9.999513432630252,9.999999178318502
1138,9.998216585883895,9.999290651949927,9.99951774701991,9.999999191899741
1139,9.998232427961776,9.999297028309963,9.99952202347227,9.9999992052565
1140,9.998248130300082,9.999303347542861,9.999526262316568,9.999999218392492
1141,9.998263694119826,9.999309610158425,9.999530463879417,9.999999231311365
1142,9.998279120631777,9.999315816662046,9.99953462848472,9.999999244016706
1143,9.998294411035708,9.999321967554398,9.999538756453477,9.999999256512046
1144,9.998309566521195,9.999328063331767,9.999542848103989,9.999999268800856
1145,9.998324588267444,9.999334104485976,9.999546903751824,9.999999280886549
1146,9.998339477444505,9.99934009150488,9.999550923710132,9.999999292772483
1147,9.998354235211037,9.999346024871503,9.999554908289033,9.999999304461959
1148,9.998368862715868,9.999351905064623,9.999558857796062,9.999999315958224
1149,9.998383361098501,9.999357732558993,9.99956277253629,9.999999327264472
1150,9.998397731488096,9.999363507824953,9.999566652812046,9.999999338383844
1151,9.99841197500446,9.999369231328812,9.999570498923188,9.99999934931943
1152,9.998426092757457,9.999374903532631,9.99957431116694,9.999999360074263
1153,9.998440085847117,9.999380524894262,9.999578089837923,9.999999370651334
1154,9.998453955364623,9.999386095867736,9.999581835228424,9.999999381053582
1155,9.998467702391512,9.999391616902978,9.999585547628168,9.999999391283895
1156,9.99848132799975,9.999397088445818,9.999589227324341,9.999999401345116
1157,9.998494833252089,9.99940251093814,9.999592874601694,9.999999411240038
1158,9.99850821920157,9.999407884817687,9.999596489742405,9.999999420971411
1159,9.998521486893633,9.999413210518904,9.999600073026649,9.999999430541939
1160,9.998534637363191,9.999418488471795,9.999603624731789,9.99999943995428
1161,9.998547671636938,9.999423719102824,9.99960714513302,9.999999449211048
1162,9.998560590732643,9.999428902834643,9.999610634503172,9.999999458314814
1163,9.99857339565893,9.999434040086017,9.999614093112646,9.999999467268108
1164,9.998586087415937,9.99943913127208,9.999617521229593,9.999999476073416
1165,9.998598666994926,9.999444176804179,9.99962091911981,9.999999484733186
1166,9.998611135378695,9.999449177090048,9.999624287046853,9.99999949324982
1167,9.998623493541958,9.99945413253397,9.99962762527213,9.999999501625688
1168,9.998635742450194,9.999459043536312,9.999630934054597,9.999999509863114
1169,9.998647883061388,9.999463910494226,9.99963421365122,9.999999517964387
1170,9.99865991632431,9.999468733800967,9.99963746431652,9.999999525931758
1171,9.99867184318042,9.99947351384665,9.999640686303072,9.999999533767438
1172,9.998683664562513,9.999478251017726,9.999643879861157,9.999999541473606
1173,9.998695381394985,9.99948294569707,9.999647045238817,9.999999549052403
1174,9.998706994595496,9.999487598264668,9.99965018268231,9.999999556505932
1175,9.998718505072578,9.99949220909667,9.99965329243545,9.999999563836266
1176,9.9987299137264,9.99949677856567,9.99965637473985,9.999999571045437
1177,9.998741221451022,9.999501307041616,9.999659429835491,9.999999578135453
1178,9.99875242913112,9.999505794890528,9.99966245795986,9.99999958510828
1179,9.99876353764515,9.999510242475738,9.999665459348789,9.999999591965857
1180,9.99877454786271,9.999514650156865,9.99966843423575,9.999999598710087
1181,9.998785460646431,9.999519018290545,9.999671382852366,9.999999605342845
1182,9.998796276851603,9.999523347230305,9.999674305428309,9.999999611865972
1183,9.998806997325433,9.999527637326263,9.999677202191092,9.999999618281281
1184,9.998817622908966,9.999531888925889,9.999680073366596,9.999999624590554
1185,9.998828154434548,9.999536102373016,9.999682919178378,9.999999630795545
1186,9.998838592728458,9.999540278008867,9.999685739848385,9.999999636897975
1187,9.998848938608681,9.999544416171197,9.999688535596349,9.99999964289954
1188,9.998859192887256,9.999548517195194,9.999691306640429,9.999999648801909
1189,9.998869356368438,9.999552581412784,9.999694053196706,9.99999965460672
1190,9.998879429849394,9.999556609152902,9.999696775479366,9.999999660315584
1191,9.998889414121525,9.99956060074201,9.999699473701067,9.99999966593009
1192,9.998899309967593,9.999564556502971,9.999702148072156,9.999999671451796
1193,9.99890911816502,9.99956847675635,9.999704798801563,9.999999676882236
1194,9.998918839483327,9.9995723618194,9.999707426096109,9.999999682222919
1195,9.998928474686709,9.999576212007089,9.999710030161202,9.999999687475327
1196,9.998938024531208,9.999580027630994,9.999712611200064,9.99999969264092
1197,9.998947489767277,9.999583809000297,9.999715169414436,9.999999697721133
1198,9.998956871138631,9.999587556421346,9.999717705004262,9.999999702717377
1199,9.998966169382498,9.999591270197756,9.999720218167749,9.99999970763104
