,x0,x1,x2,x3
0,0.0,1.0,2.0,3.0
1,0.0013812088945018002,1.0013812088945018,2.001381208894502,3.001381208894502
2,0.005494353810529631,1.0054943538105297,2.00549435381053,3.00549435381053
3,0.01229427969012312,1.012294279690123,2.0122942796901233,3.0122942796901233
4,0.02173657782488621,1.0217365778248861,2.0217365778248864,3.0217365778248864
5,0.03377757351987915,1.033777573519879,2.0337775735198793,3.0337775735198793
6,0.048374313961408996,1.048374313961409,2.0483743139614092,3.0483743139614092
7,0.06548455628534845,1.0654845562853485,2.0654845562853485,3.0654845562853485
8,0.08506675584266861,1.0850667558426688,2.0850667558426688,3.0850667558426688
9,0.10708005465892595,1.1070800546589261,2.107080054658926,3.107080054658926
10,0.1314842700844977,1.1314842700844978,2.131484270084498,3.131484270084498
11,0.15823988363241298,1.158239883632413,2.158239883632413,3.158239883632413
12,0.18730803000067875,1.1873080300006789,2.1873080300006786,3.1873080300006786
13,0.21865048627605124,1.2186504862760514,2.218650486276051,3.218650486276051
14,0.2522296613162541,1.2522296613162542,2.252229661316254,3.252229661316254
15,0.2880085853076931,1.2880085853076932,2.288008585307693,3.288008585307693
16,0.32595089949576755,1.3259508994957678,2.3259508994957674,3.3259508994957674
17,0.36602084608492513,1.3660208460849255,2.366020846084925,3.366020846084925
18,0.4081832583056543,1.4081832583056546,2.4081832583056544,3.4081832583056544
19,0.4524035506456556,1.4524035506456558,2.4524035506456556,3.4524035506456556
20,0.49864770924247803,1.4986477092424784,2.498647709242478,3.498647709242478
21,0.5468822824349513,1.5468822824349517,2.5468822824349515,3.5468822824349515
22,0.5970743714707901,1.5970743714707905,2.5970743714707902,3.5970743714707902
23,0.649191621367788,1.6491916213677882,2.649191621367788,3.649191621367788
24,0.7032022119260632,1.7032022119260635,2.7032022119260635,3.7032022119260635
25,0.75907484888886,1.7590748488888601,2.75907484888886,3.75907484888886
26,0.8167787552494479,1.816778755249448,2.816778755249448,3.816778755249448
27,0.8762836627017075,1.8762836627017077,2.8762836627017077,3.8762836627017077
28,0.9375598032320249,1.9375598032320251,2.937559803232025,3.937559803232025
29,1.0005779008501607,2.000577900850161,3.000577900850161,4.0005779008501605
30,1.0653091634567957,2.065309163456796,3.065309163456796,4.065309163456796
31,1.1317252748454956,2.131725274845496,3.131725274845496,4.131725274845496
32,1.1997983868368707,2.199798386836871,3.199798386836871,4.199798386836871
33,1.2695011115427475,2.269501111542748,3.269501111542748,4.269501111542748
34,1.3408065137582033,2.3408065137582037,3.3408065137582037,4.340806513758204
35,1.413688103479348,2.4136881034793487,3.4136881034793487,4.413688103479348
36,1.4881198285447788,2.4881198285447796,3.4881198285447796,4.488119828544779
37,1.564076067398659,2.5640760673986596,3.5640760673986596,4.564076067398659
38,1.6415316219734142,2.6415316219734146,3.6415316219734146,4.641531621973415
39,1.7204617106900677,2.720461710690068,3.720461710690068,4.720461710690068
40,1.8008419615742697,2.8008419615742697,3.8008419615742697,4.80084196157427
41,1.8826484054861092,2.8826484054861092,3.8826484054861092,4.882648405486109
42,1.9658574694618278,2.965857469461828,3.965857469461828,4.965857469461828
43,2.0504459701655855,3.0504459701655855,4.050445970165585,5.050445970165586
44,2.1363911074494593,3.1363911074494593,4.136391107449459,5.13639110744946
45,2.223670458019886,3.223670458019886,4.223670458019885,5.223670458019886
46,2.3122619692087896,3.3122619692087896,4.312261969208789,5.31226196920879
47,2.4021439528476654,3.4021439528476654,4.402143952847665,5.402143952847666
48,2.493295079242913,3.493295079242913,4.493295079242913,5.493295079242914
49,2.5856943712507516,3.5856943712507516,4.585694371250752,5.585694371250753
50,2.679321198450067,3.679321198450067,4.679321198450068,5.679321198450069
51,2.774155271411574,3.774155271411574,4.774155271411575,5.774155271411576
52,2.8701766360617023,3.8701766360617023,4.870176636061704,5.8701766360617045
53,2.967365668139637,3.967365668139637,4.967365668139639,5.96736566813964
54,3.0657030677459787,4.065703067745979,5.0657030677459804,6.065703067745981
55,3.1651698539815056,4.165169853981506,5.165169853981507,6.165169853981508
56,3.2657473596745494,4.26574735967455,5.265747359674552,6.2657473596745525
57,3.3674172261955206,4.367417226195521,5.367417226195522,6.367417226195523
58,3.4701613983571415,4.470161398357141,5.470161398357143,6.470161398357144
59,3.5739621193989723,4.573962119398972,5.573962119398974,6.573962119398975
60,3.678801926054836,4.6788019260548355,5.678801926054837,6.678801926054838
61,3.7846636437017693,4.784663643701769,5.784663643701771,6.784663643701772
62,3.8915303815891593,4.891530381589159,5.891530381589161,6.8915303815891615
63,3.9993855281467305,4.99938552814673,5.999385528146732,6.999385528146733
64,4.1082127463700875,5.1082127463700875,6.108212746370089,7.10821274637009
65,4.217995969282528,5.217995969282528,6.21799596928253,7.217995969282531
66,4.3287193954718655,5.3287193954718655,6.328719395471867,7.328719395471868
67,4.440367484701018,5.440367484701018,6.44036748470102,7.440367484701021
68,4.552924953591157,5.552924953591157,6.552924953591159,7.55292495359116
69,4.666376771376196,5.666376771376196,6.666376771376198,7.666376771376199
70,4.780708155727462,5.780708155727462,6.7807081557274635,7.780708155727464
71,4.895904568647371,5.895904568647371,6.895904568647373,7.8959045686473734
72,5.011951712430982,6.011951712430982,7.011951712430983,8.011951712430985
73,5.128835525694296,6.128835525694296,7.1288355256942975,8.1288355256943
74,5.246542179468205,6.246542179468205,7.246542179468206,8.246542179468207
75,5.365058073356996,6.365058073356996,7.365058073356998,8.365058073357
76,5.484369831760365,6.484369831760365,7.484369831760366,8.484369831760368
77,5.604464300157851,6.604464300157851,7.6044643001578525,8.604464300157854
78,5.725328541454708,6.725328541454708,7.72532854145471,8.725328541454711
79,5.846949832388162,6.846949832388162,7.846949832388164,8.846949832388166
80,5.969315659993066,6.969315659993066,7.969315659993068,8.96931565999307
81,6.09241371812598,7.09241371812598,8.09241371812598,9.092413718125982
82,6.216231904046694,7.216231904046694,8.216231904046696,9.216231904046698
83,6.3407583150562665,7.3407583150562665,8.340758315056268,9.34075831505627
84,6.4659812451906165,7.4659812451906165,8.46598124519062,9.465981245190621
85,6.591889181968778,7.591889181968778,8.59188918196878,9.591889181968781
86,6.718470803194894,7.718470803194894,8.718470803194895,9.718470803194897
87,6.845714973813071,7.845714973813071,8.845714973813074,9.845714973813076
88,6.973610742814222,7.973610742814222,8.973610742814225,9.973610742814227
89,7.102147340194029,8.102147340194028,9.102147340194032,10.102147340194033
90,7.231314173961187,8.231314173961186,9.23131417396119,10.231314173961191
91,7.361100827195104,8.361100827195104,9.361100827195107,10.36110082719511
92,7.491497055152227,8.491497055152227,9.49149705515223,10.491497055152232
93,7.622492782420195,8.622492782420196,9.6224927824202,10.622492782420201
94,7.754078100119036,8.754078100119038,9.754078100119042,10.754078100119044
95,7.8862432631486215,8.886243263148623,9.886243263148627,10.886243263148629
96,8.018978687481612,9.018978687481614,10.018978687481617,11.018978687481619
97,8.152274947501153,9.152274947501155,10.152274947501159,11.15227494750116
98,8.286122773382575,9.286122773382576,10.28612277338258,11.286122773382582
99,8.42051304851836,9.420513048518362,10.420513048518366,11.420513048518368
100,8.555436806985691,9.555436806985693,10.555436806985696,11.555436806985698
101,8.690885231055832,9.690885231055834,10.690885231055837,11.690885231055839
102,8.826849648744696,9.826849648744698,10.826849648744702,11.826849648744703
103,8.963321531403892,9.963321531403894,10.963321531403897,11.9633215314039
104,9.10029249135158,10.100292491351581,11.100292491351585,12.100292491351587
105,9.2377542795425,10.237754279542502,11.237754279542505,12.237754279542507
106,9.375698783276505,10.375698783276507,11.37569878327651,12.375698783276512
107,9.51411802394496,10.514118023944961,11.514118023944965,12.514118023944967
108,9.653004154814404,10.653004154814406,11.65300415481441,12.653004154814411
109,9.79234945884684,10.792349458846841,11.792349458846845,12.792349458846846
110,9.932146346556047,10.932146346556049,11.932146346556053,12.932146346556054
111,10.072387353899334,11.072387353899336,12.07238735389934,13.072387353899341
112,10.21306514020413,11.213065140204131,12.213065140204135,13.213065140204137
113,10.354172486128851,11.354172486128853,12.354172486128856,13.354172486128858
114,10.495702291657471,11.495702291657473,12.495702291657476,13.495702291657478
115,10.637647574127238,11.63764757412724,12.637647574127243,13.637647574127245
116,10.780001466288986,11.780001466288988,12.780001466288992,13.780001466288994
117,10.92275721439952,11.922757214399521,12.922757214399525,13.922757214399526
118,11.06590817634551,12.065908176345511,13.065908176345514,14.065908176345516
119,11.209447819798415,12.209447819798417,13.20944781979842,14.209447819798422
120,11.353369720399892,12.353369720399893,13.353369720399897,14.353369720399899
121,11.4976675599772,12.497667559977202,13.497667559977206,14.497667559977208
122,11.642335124788104,12.642335124788106,13.64233512478811,14.642335124788112
123,11.787366303794784,12.787366303794785,13.787366303794789,14.78736630379479
124,11.93275508696627,12.932755086966273,13.932755086966276,14.932755086966278
125,12.078495563608955,13.078495563608957,14.07849556360896,15.078495563608962
126,12.224581920724674,13.224581920724676,14.22458192072468,15.224581920724681
127,12.371008441395942,13.371008441395944,14.371008441395947,15.371008441395949
128,12.517769503197876,13.517769503197878,14.517769503197881,15.517769503197883
129,12.664859576636365,13.664859576636367,14.66485957663637,15.664859576636372
130,12.812273223612053,13.812273223612054,14.812273223612058,15.81227322361206
131,12.960005095909713,13.960005095909715,14.960005095909718,15.96000509590972
132,13.108049933712591,14.108049933712593,15.108049933712596,16.1080499337126
133,13.256402564141304,14.256402564141306,15.25640256414131,16.25640256414131
134,13.40505789981688,14.405057899816882,15.405057899816885,16.40505789981689
135,13.554010937447568,14.55401093744757,15.554010937447574,16.554010937447575
136,13.703256756438986,14.703256756438988,15.703256756438991,16.703256756438993
137,13.852790517527252,14.852790517527254,15.852790517527257,16.85279051752726
138,14.002607461434708,15.00260746143471,16.002607461434714,17.002607461434717
139,14.152702907547859,15.15270290754786,16.152702907547866,17.15270290754787
140,14.303072252617161,15.303072252617163,16.303072252617167,17.30307225261717
141,14.45371096947831,15.453710969478312,16.453710969478315,17.45371096947832
142,14.604614605794655,15.604614605794657,16.604614605794662,17.604614605794666
143,14.755778782820407,15.755778782820409,16.755778782820414,17.755778782820418
144,14.907199194184281,15.907199194184283,16.907199194184287,17.90719919418429
145,15.05887160469325,16.058871604693252,17.058871604693255,18.05887160469326
146,15.210791849156067,16.210791849156067,17.21079184915607,18.210791849156074
147,15.362955831226234,16.362955831226234,17.362955831226238,18.36295583122624
148,15.515359522264099,16.5153595222641,17.515359522264102,18.515359522264106
149,15.667998960217753,16.66799896021775,17.667998960217755,18.66799896021776
150,15.820870248522429,16.82087024852243,17.820870248522432,18.820870248522436
151,15.973969555018092,16.97396955501809,17.973969555018094,18.973969555018098
152,16.12729311088492,17.12729311088492,18.127293110884924,19.127293110884928
153,16.28083720959638,17.28083720959638,18.280837209596385,19.28083720959639
154,16.434598205889607,17.434598205889607,18.43459820588961,19.434598205889614
155,16.588572514752798,17.588572514752798,18.5885725147528,19.588572514752805
156,16.742756610429353,17.742756610429353,18.742756610429357,19.74275661042936
157,16.897147025438468,17.897147025438468,18.89714702543847,19.897147025438475
158,17.05174034961191,18.05174034961191,19.051740349611915,20.05174034961192
159,17.206533229146743,18.206533229146743,19.206533229146746,20.20653322914675
160,17.361522365673654,18.361522365673654,19.361522365673657,20.36152236567366
161,17.51670451534075,18.51670451534075,19.516704515340752,20.516704515340756
162,17.672076487912435,18.672076487912435,19.672076487912438,20.67207648791244
163,17.827635145883225,18.827635145883225,19.827635145883228,20.82763514588323
164,17.98337740360618,18.98337740360618,19.983377403606184,20.983377403606188
165,18.13930022643577,19.13930022643577,20.139300226435772,21.139300226435775
166,18.295400629884874,19.295400629884874,20.295400629884877,21.29540062988488
167,18.451675678795752,19.451675678795752,20.451675678795755,21.45167567879576
168,18.608122486524685,19.608122486524685,20.60812248652469,21.608122486524692
169,18.76473821414012,19.76473821414012,20.764738214140124,21.764738214140127
170,18.92152006963404,19.92152006963404,20.921520069634045,21.92152006963405
171,19.0784653071464,20.0784653071464,21.078465307146402,22.078465307146406
172,19.235571226202342,20.235571226202342,21.235571226202346,22.23557122620235
173,19.392835170962073,20.392835170962073,21.392835170962076,22.39283517096208
174,19.55025452948309,20.55025452948309,21.55025452948309,22.550254529483098
175,19.707826732994622,20.707826732994622,21.707826732994622,22.70782673299463
176,19.865549255184064,20.865549255184064,21.865549255184064,22.86554925518407
177,20.0234196114952,21.0234196114952,22.0234196114952,23.023419611495207
178,20.18143535843804,21.18143535843804,22.18143535843804,23.181435358438048
179,20.33959409291004,21.33959409291004,22.33959409291004,23.339594092910048
180,20.49789345152856,21.49789345152856,22.49789345152856,23.49789345152857
181,20.65633110997435,21.65633110997435,22.65633110997435,23.656331109974357
182,20.81490478234588,21.81490478234588,22.81490478234588,23.814904782345888
183,20.97361222052437,21.97361222052437,22.97361222052437,23.973612220524377
184,21.132451213549263,22.132451213549263,23.132451213549263,24.13245121354927
185,21.291419587004082,22.291419587004082,23.291419587004082,24.29141958700409
186,21.450515202412387,22.450515202412387,23.450515202412387,24.450515202412394
187,21.609735956643746,22.609735956643746,23.609735956643746,24.609735956643753
188,21.769079781329513,22.769079781329513,23.769079781329513,24.76907978132952
189,21.928544642288266,22.928544642288266,23.928544642288266,24.928544642288273
190,22.08812853896074,23.08812853896074,24.08812853896074,25.088128538960746
191,22.247829503854096,23.247829503854096,24.247829503854096,25.247829503854103
192,22.407645601995387,23.407645601995387,24.407645601995387,25.407645601995394
193,22.567574930394045,23.567574930394045,24.567574930394045,25.567574930394052
194,22.72761561751326,23.72761561751326,24.72761561751326,25.727615617513266
195,22.88776582275008,23.88776582275008,24.88776582275008,25.887765822750087
196,23.048023735924147,24.048023735924147,25.048023735924147,26.048023735924154
197,23.208387576774825,24.208387576774825,25.208387576774825,26.208387576774832
198,23.368855594466687,24.368855594466687,25.368855594466687,26.368855594466694
199,23.52942606710315,24.52942606710315,25.52942606710315,26.529426067103156
200,23.69009730124815,24.69009730124815,25.69009730124815,26.69009730124816
201,23.850867631455756,24.850867631455756,25.850867631455756,26.850867631455763
202,24.0117354198075,25.0117354198075,26.0117354198075,27.011735419807508
203,24.172699055457407,25.172699055457407,26.172699055457407,27.172699055457414
204,24.333756954184516,25.333756954184516,26.333756954184516,27.333756954184523
205,24.494907557952814,25.494907557952814,26.494907557952814,27.49490755795282
206,24.656149334478425,25.656149334478425,26.656149334478425,27.65614933447843
207,24.817480776803972,25.817480776803972,26.817480776803972,27.81748077680398
208,24.978900402879965,25.978900402879965,26.978900402879965,27.978900402879972
209,25.140406755153105,26.140406755153105,27.140406755153105,28.140406755153112
210,25.301998400161395,26.301998400161395,27.301998400161395,28.301998400161402
211,25.463673928135954,26.463673928135954,27.463673928135954,28.46367392813596
212,25.62543195260939,26.62543195260939,27.62543195260939,28.625431952609397
213,25.787271110030666,26.787271110030666,27.787271110030666,28.787271110030673
214,25.94919005938633,26.94919005938633,27.94919005938633,28.949190059386336
215,26.11118748182799,27.11118748182799,28.11118748182799,29.111187481827997
216,26.27326208030597,27.27326208030597,28.27326208030597,29.273262080305976
217,26.435412579208986,27.435412579208986,28.435412579208986,29.435412579208993
218,26.59763772400983,27.59763772400983,28.59763772400983,29.597637724009836
219,26.75993628091685,27.75993628091685,28.75993628091685,29.759936280916857
220,26.922307036531244,27.922307036531244,28.922307036531244,29.92230703653125
221,27.084748797509974,28.084748797509974,29.084748797509974,30.08474879750998
222,27.247260390234292,28.247260390234292,29.247260390234292,30.2472603902343
223,27.409840660483713,28.409840660483713,29.409840660483713,30.40984066048372
224,27.572488473115392,28.572488473115392,29.572488473115392,30.5724884731154
225,27.735202711748798,28.735202711748798,29.735202711748798,30.735202711748805
226,27.8979822784556,28.8979822784556,29.8979822784556,30.897982278455608
227,28.060826093454676,29.060826093454676,30.060826093454676,31.060826093454683
228,28.223733094812168,29.223733094812168,30.223733094812168,31.223733094812175
229,28.386702238146487,29.386702238146487,30.386702238146487,31.386702238146494
230,28.54973249633821,29.54973249633821,30.54973249633821,31.549732496338216
231,28.71282285924474,29.71282285924474,30.71282285924474,31.712822859244746
232,28.875972333419725,29.875972333419725,30.875972333419725,31.875972333419732
233,29.039179941837084,30.039179941837084,31.039179941837084,32.03917994183709
234,29.202444723619596,30.202444723619596,31.202444723619596,32.20244472361961
235,29.365765733771994,30.365765733771994,31.365765733771994,32.365765733772
236,29.529142042918448,30.529142042918448,31.529142042918448,32.52914204291845
237,29.692572737044404,30.692572737044404,31.692572737044404,32.69257273704441
238,29.856056917242686,30.856056917242686,31.856056917242686,32.85605691724269
239,30.019593699463783,31.019593699463783,32.01959369946378,33.01959369946379
240,30.183182214270285,31.183182214270285,32.18318221427028,33.18318221427029
241,30.346821606595352,31.346821606595352,32.34682160659535,33.346821606595356
242,30.5105110355052,31.5105110355052,32.510511035505196,33.5105110355052
243,30.674249673965495,31.674249673965495,32.67424967396549,33.6742496739655
244,30.838036708611618,31.838036708611618,32.83803670861162,33.838036708611625
245,31.001871339522722,32.00187133952272,33.00187133952272,34.00187133952273
246,31.16575277999953,32.16575277999953,33.16575277999953,34.165752779999536
247,31.329680256345785,32.32968025634579,33.32968025634579,34.329680256345796
248,31.493653007653354,32.49365300765336,33.49365300765336,34.493653007653364
249,31.65767028559084,32.65767028559084,33.65767028559084,34.65767028559085
250,31.821731354195705,32.821731354195705,33.821731354195705,34.82173135419571
251,31.985835489669846,32.985835489669846,33.985835489669846,34.98583548966985
252,32.14998198017852,33.14998198017852,34.14998198017852,35.149981980178524
253,32.314170125652595,33.314170125652595,34.314170125652595,35.3141701256526
254,32.478399237594125,33.478399237594125,34.478399237594125,35.47839923759413
255,32.642668638885056,33.642668638885056,34.642668638885056,35.64266863888506
256,32.80697766359913,33.80697766359913,34.80697766359913,35.806977663599135
257,32.97132565681692,33.97132565681692,34.97132565681692,35.97132565681693
258,33.13571197444391,34.13571197444391,35.13571197444391,36.135711974443915
259,33.30013598303153,34.30013598303153,35.30013598303153,36.30013598303154
260,33.46459705960125,34.46459705960125,35.46459705960125,36.46459705960126
261,33.6290945914715,34.6290945914715,35.6290945914715,36.62909459147151
262,33.79362797608745,34.79362797608745,35.79362797608745,36.79362797608746
263,33.95819662085367,34.95819662085367,35.95819662085367,36.95819662085368
264,34.12279994296949,35.12279994296949,36.12279994296949,37.1227999429695
265,34.28743736926713,35.28743736926713,36.28743736926713,37.28743736926714
266,34.452108336052454,35.452108336052454,36.452108336052454,37.45210833605246
267,34.616812288948395,35.616812288948395,36.616812288948395,37.6168122889484
268,34.78154868274097,35.78154868274097,36.78154868274097,37.781548682740976
269,34.9463169812278,35.9463169812278,36.9463169812278,37.94631698122781
270,35.111116657069196,36.111116657069196,37.111116657069196,38.1111166570692
271,35.27594719164164,36.27594719164164,37.27594719164164,38.27594719164165
272,35.44080807489373,36.44080807489373,37.44080807489373,38.44080807489374
273,35.605698805204504,36.605698805204504,37.605698805204504,38.60569880520451
274,35.77061888924408,36.77061888924408,37.77061888924408,38.77061888924409
275,35.93556784183664,36.93556784183664,37.93556784183664,38.935567841836644
276,36.1005451858256,37.1005451858256,38.1005451858256,39.10054518582561
277,36.26555045194116,37.26555045194116,38.26555045194116,39.265550451941166
278,36.43058317866985,37.43058317866985,38.43058317866985,39.430583178669856
279,36.59564291212637,37.59564291212637,38.59564291212637,39.59564291212638
280,36.760729205927525,37.760729205927525,38.760729205927525,39.76072920592753
281,36.925841621068194,37.925841621068194,38.925841621068194,39.9258416210682
282,37.090979725799386,38.090979725799386,39.090979725799386,40.09097972579939
283,37.25614309550833,38.25614309550833,39.25614309550833,40.256143095508335
284,37.42133131260049,38.42133131260049,39.42133131260049,40.4213313126005
285,37.586543966383594,38.586543966383594,39.586543966383594,40.5865439663836
286,37.75178065295353,38.75178065295353,39.75178065295353,40.751780652953535
287,37.91704097508214,38.91704097508214,39.91704097508214,40.917040975082145
288,38.08232454210691,39.08232454210691,40.08232454210691,41.08232454210692
289,38.24763096982242,39.24763096982242,40.24763096982242,41.247630969822424
290,38.412959880373606,39.412959880373606,40.412959880373606,41.41295988037361
291,38.57831090215085,39.57831090215085,40.57831090215085,41.578310902150854
292,38.74368366968669,39.74368366968669,40.74368366968669,41.743683669686696
293,38.90907782355435,39.90907782355435,40.90907782355435,41.909077823554355
294,39.07449301026785,40.07449301026785,41.07449301026785,42.07449301026786
295,39.239928882183854,40.239928882183854,41.239928882183854,42.23992888218386
296,39.405385097405066,40.405385097405066,41.405385097405066,42.40538509740507
297,39.57086131968528,40.57086131968528,41.57086131968528,42.570861319685285
298,39.73635721833597,40.73635721833597,41.73635721833597,42.736357218335975
299,39.901872468134414,40.901872468134414,41.901872468134414,42.90187246813442
300,40.06740674923338,41.06740674923338,42.06740674923338,43.067406749233385
301,40.23295974707224,41.23295974707224,42.23295974707224,43.23295974707225
302,40.39853115228964,41.39853115228964,42.39853115228964,43.39853115228965
303,40.564120660637506,41.564120660637506,42.564120660637506,43.56412066063751
304,40.72972797289656,41.72972797289656,42.72972797289656,43.72972797289657
305,40.89535279479322,41.89535279479322,42.89535279479322,43.895352794793226
306,41.0609948369178,42.0609948369178,43.0609948369178,44.06099483691781
307,41.22665381464418,42.22665381464418,43.22665381464418,44.22665381464419
308,41.39232944805069,42.39232944805069,43.39232944805069,44.392329448050695
309,41.558021461842365,42.558021461842365,43.558021461842365,44.55802146184237
310,41.723729585274505,42.723729585274505,43.723729585274505,44.72372958527451
311,41.88945355207741,42.88945355207741,43.88945355207741,44.88945355207742
312,42.05519310038247,43.05519310038247,44.05519310038247,45.055193100382475
313,42.22094797264937,43.22094797264937,44.22094797264937,45.22094797264938
314,42.38671791559459,43.38671791559459,44.38671791559459,45.386717915594595
315,42.55250268012102,43.55250268012102,44.55250268012102,45.55250268012103
316,42.71830202124879,43.71830202124879,44.71830202124879,45.7183020212488
317,42.88411569804718,43.88411569804718,44.88411569804718,45.8841156980472
318,43.049943473567744,44.049943473567744,45.049943473567744,46.04994347356776
319,43.215785114778434,44.215785114778434,45.215785114778434,46.21578511477845
320,43.38164039249891,44.38164039249891,45.38164039249891,46.38164039249892
321,43.54750908133685,44.54750908133685,45.54750908133685,46.54750908133686
322,43.71339095962536,44.71339095962536,45.71339095962536,46.71339095962537
323,43.87928580936137,44.87928580936137,45.87928580936137,46.879285809361384
324,44.045193416145125,45.045193416145125,46.045193416145125,47.04519341614514
325,44.21111356912056,45.21111356912056,46.21111356912056,47.21111356912058
326,44.3770460609168,45.3770460609168,46.3770460609168,47.37704606091681
327,44.54299068759048,45.54299068759048,46.54299068759048,47.542990687590496
328,44.708947248569174,45.708947248569174,46.708947248569174,47.70894724856919
329,44.8749155465956,45.8749155465956,46.8749155465956,47.874915546595616
330,45.04089538767288,46.04089538767288,47.04089538767288,48.0408953876729
331,45.206886581010636,46.206886581010636,47.206886581010636,48.20688658101065
332,45.37288893897196,46.37288893897196,47.37288893897196,48.372888938971975
333,45.53890227702135,46.53890227702135,47.53890227702135,48.538902277021364
334,45.7049264136734,46.7049264136734,47.7049264136734,48.70492641367341
335,45.8709611704424,46.8709611704424,47.8709611704424,48.87096117044241
336,46.03700637179276,47.03700637179276,48.03700637179276,49.03700637179277
337,46.20306184509025,47.20306184509025,48.20306184509025,49.20306184509026
338,46.36912742055404,47.36912742055404,48.36912742055404,49.36912742055405
339,46.53520293120953,47.53520293120953,48.53520293120953,49.53520293120955
340,46.701288212842,47.701288212842,48.701288212842,49.701288212842016
341,46.86738310395094,47.86738310395094,48.86738310395094,49.86738310395096
342,47.03348744570523,48.03348744570523,49.03348744570523,50.03348744570524
343,47.19960108189899,48.19960108189899,49.19960108189899,50.199601081899004
344,47.365723858908225,48.365723858908225,49.365723858908225,50.36572385890824
345,47.53185562564812,48.53185562564812,49.53185562564812,50.531855625648134
346,47.69799623353107,48.69799623353107,49.69799623353107,50.697996233531086
347,47.86414553642543,48.86414553642543,49.86414553642543,50.86414553642545
348,48.0303033906149,49.0303033906149,50.0303033906149,51.03030339061491
349,48.19646965475859,49.19646965475859,50.19646965475859,51.1964696547586
350,48.3626441898518,49.3626441898518,50.3626441898518,51.362644189851814
351,48.528826859187376,49.528826859187376,50.528826859187376,51.52882685918739
352,48.69501752831774,49.69501752831774,50.69501752831774,51.695017528317756
353,48.86121606501754,49.86121606501754,50.86121606501754,51.86121606501755
354,49.02742233924692,50.02742233924692,51.02742233924692,52.02742233924693
355,49.193636223115405,50.193636223115405,51.193636223115405,52.19363622311542
356,49.359857590846374,50.359857590846374,51.359857590846374,52.35985759084639
357,49.52608631874212,50.52608631874212,51.52608631874212,52.52608631874213
358,49.69232228514946,50.69232228514946,51.69232228514946,52.69232228514947
359,49.858565370425985,50.858565370425985,51.858565370425985,52.858565370426
360,50.024815456906815,51.024815456906815,52.024815456906815,53.02481545690683
361,50.19107242887189,51.19107242887189,52.19107242887189,53.191072428871905
362,50.35733617251385,51.35733617251385,52.35733617251385,53.35733617251386
363,50.52360657590639,51.52360657590639,52.52360657590639,53.523606575906406
364,50.689883528973226,51.689883528973226,52.689883528973226,53.68988352897324
365,50.856166923457444,51.856166923457444,52.856166923457444,53.85616692345746
366,51.022456652891485,52.022456652891485,53.022456652891485,54.0224566528915
367,51.18875261256754,52.18875261256754,53.18875261256754,54.188752612567555
368,51.35505469950848,52.35505469950848,53.35505469950848,54.35505469950849
369,51.521362812439236,52.521362812439236,53.521362812439236,54.52136281243925
370,51.68767685175868,52.68767685175868,53.68767685175868,54.687676851758695
371,51.85399671951195,52.85399671951195,53.85399671951195,54.85399671951196
372,52.020322319363224,53.020322319363224,54.020322319363224,55.02032231936324
373,52.186653556569,53.186653556569,54.186653556569,55.18665355656901
374,52.35299033795173,53.35299033795173,54.35299033795173,55.352990337951745
375,52.51933257187398,53.51933257187398,54.51933257187398,55.519332571873996
376,52.68568016821295,53.68568016821295,54.68568016821295,55.68568016821296
377,52.85203303833542,53.85203303833542,54.85203303833542,55.852033038335435
378,53.018391095073184,54.018391095073184,55.018391095073184,56.0183910950732
379,53.18475425269879,54.18475425269879,55.18475425269879,56.1847542526988
380,53.35112242690173,54.35112242690173,55.35112242690173,56.351122426901746
381,53.51749553476505,54.51749553476505,55.51749553476505,56.51749553476506
382,53.68387349474228,54.68387349474228,55.68387349474228,56.68387349474229
383,53.850256226634805,54.850256226634805,55.850256226634805,56.85025622663482
384,54.01664365156959,55.01664365156959,56.01664365156959,57.0166436515696
385,54.18303569197724,55.18303569197724,56.18303569197724,57.18303569197725
386,54.349432271570485,55.349432271570485,56.349432271570485,57.3494322715705
387,54.515833315322986,55.515833315322986,56.515833315322986,57.515833315323
388,54.68223874944846,55.68223874944846,56.68223874944846,57.68223874944847
389,54.848648501380225,55.848648501380225,56.848648501380225,57.84864850138024
390,55.01506249975102,56.01506249975102,57.01506249975102,58.01506249975103
391,55.18148067437318,56.18148067437318,57.18148067437318,58.18148067437319
392,55.347902956219144,56.347902956219144,57.347902956219144,58.34790295621916
393,55.5143292774023,56.5143292774023,57.5143292774023,58.51432927740231
394,55.68075957115806,56.68075957115806,57.68075957115806,58.68075957115808
395,55.84719377182542,56.84719377182542,57.84719377182542,58.84719377182543
396,56.01363181482861,57.01363181482861,58.01363181482861,59.01363181482862
397,56.18007363665922,57.18007363665922,58.18007363665922,59.18007363665924
398,56.34651917485857,57.34651917485857,58.34651917485857,59.346519174858585
399,56.51296836800031,57.51296836800031,58.51296836800031,59.51296836800032
400,56.679421155673374,57.679421155673374,58.679421155673374,59.67942115567339
401,56.845877478465226,57.845877478465226,58.845877478465226,59.84587747846524
402,57.01233727794533,58.01233727794533,59.01233727794533,60.01233727794534
403,57.17880049664891,58.17880049664891,59.17880049664891,60.178800496648925
404,57.34526707806102,58.34526707806102,59.34526707806102,60.345267078061035
405,57.51173696660082,58.51173696660082,59.51173696660082,60.511736966600836
406,57.67821010760615,58.67821010760615,59.67821010760615,60.67821010760616
407,57.844686447318324,58.844686447318324,59.844686447318324,60.84468644731834
408,58.01116593286722,59.01116593286722,60.01116593286722,61.011165932867236
409,58.17764851225659,59.17764851225659,60.17764851225659,61.1776485122566
410,58.344134134349595,59.344134134349595,60.344134134349595,61.34413413434961
411,58.51062274885463,59.51062274885463,60.51062274885463,61.510622748854644
412,58.67711430631134,59.67711430631134,60.67711430631134,61.67711430631135
413,58.84360875807687,59.84360875807687,60.84360875807687,61.84360875807688
414,59.01010605631237,60.01010605631237,61.01010605631237,62.01010605631238
415,59.176606153969686,60.176606153969686,61.176606153969686,62.1766061539697
416,59.343109004778334,60.343109004778334,61.343109004778334,62.34310900477835
417,59.50961456323259,60.50961456323259,61.50961456323259,62.5096145632326
418,59.67612278457887,60.67612278457887,61.67612278457887,62.67612278457889
419,59.842633624803334,60.842633624803334,61.842633624803334,62.84263362480335
420,60.0091470406196,61.0091470406196,62.0091470406196,63.00914704061962
421,60.17566298945677,61.17566298945677,62.17566298945677,63.17566298945678
422,60.34218142944756,61.34218142944756,62.34218142944756,63.34218142944757
423,60.508702319416706,61.508702319416706,62.508702319416706,63.50870231941672
424,60.675225618869526,61.675225618869526,62.675225618869526,63.67522561886954
425,60.84175128798064,61.84175128798064,62.84175128798064,63.84175128798066
426,61.00827928758293,62.00827928758293,63.00827928758293,64.00827928758295
427,61.17480957915666,62.17480957915666,63.17480957915666,64.17480957915667
428,61.34134212481876,62.34134212481876,63.34134212481876,64.34134212481878
429,61.50787688731233,62.50787688731233,63.50787688731233,64.50787688731235
430,61.674413829996254,62.674413829996254,63.674413829996254,64.67441382999628
431,61.840952916835064,62.840952916835064,63.840952916835064,64.84095291683509
432,62.0074941123889,63.0074941123889,64.0074941123889,65.00749411238893
433,62.17403738180366,63.17403738180366,64.17403738180366,65.17403738180369
434,62.34058269080134,63.34058269080134,64.34058269080134,65.34058269080137
435,62.50713000567051,63.50713000567051,64.50713000567052,65.50713000567055
436,62.67367929325694,63.67367929325694,64.67367929325695,65.67367929325698
437,62.840230520954385,63.840230520954385,64.84023052095439,65.84023052095442
438,63.006783656695546,64.00678365669555,65.00678365669555,66.00678365669557
439,63.17333866894314,64.17333866894313,65.17333866894313,66.17333866894316
440,63.339895526681154,64.33989552668115,65.33989552668115,66.33989552668118
441,63.506454199406235,64.50645419940622,65.50645419940622,66.50645419940625
442,63.6730146571192,64.67301465711918,65.67301465711918,66.67301465711921
443,63.8395768703167,64.83957687031669,65.83957687031669,66.83957687031672
444,64.00614080998305,65.00614080998305,66.00614080998305,67.00614080998308
445,64.17270644758216,65.17270644758216,66.17270644758216,67.17270644758219
446,64.33927375504959,65.33927375504959,66.33927375504959,67.33927375504962
447,64.50584270478475,65.50584270478475,66.50584270478475,67.50584270478478
448,64.67241326964329,65.67241326964329,66.67241326964329,67.67241326964331
449,64.83898542292947,65.83898542292947,66.83898542292947,67.8389854229295
450,65.00555913838883,66.00555913838883,67.00555913838883,68.00555913838886
451,65.17213439020085,66.17213439020085,67.17213439020085,68.17213439020088
452,65.33871115297177,66.33871115297177,67.33871115297177,68.3387111529718
453,65.50528940172757,66.50528940172757,67.50528940172757,68.5052894017276
454,65.67186911190701,66.67186911190701,67.67186911190701,68.67186911190704
455,65.83845025935483,66.83845025935483,67.83845025935483,68.83845025935486
456,66.00503282031498,67.00503282031498,68.00503282031498,69.00503282031501
457,66.1716167714241,67.1716167714241,68.1716167714241,69.17161677142413
458,66.33820208970499,67.33820208970499,68.33820208970499,69.33820208970502
459,66.50478875256023,67.50478875256023,68.50478875256023,69.50478875256026
460,66.67137673776588,67.67137673776588,68.67137673776588,69.67137673776591
461,66.83796602346536,67.83796602346536,68.83796602346536,69.83796602346538
462,67.00455658816333,68.00455658816333,69.00455658816333,70.00455658816335
463,67.17114841071975,68.17114841071975,69.17114841071975,70.17114841071978
464,67.33774147034399,68.33774147034399,69.33774147034399,70.33774147034401
465,67.50433574658905,68.50433574658905,69.50433574658905,70.50433574658908
466,67.67093121934592,68.67093121934592,69.67093121934592,70.67093121934595
467,67.83752786883792,68.83752786883792,69.83752786883792,70.83752786883795
468,68.0041256756153,69.0041256756153,70.0041256756153,71.00412567561533
469,68.17072462054975,69.17072462054975,70.17072462054975,71.17072462054978
470,68.33732468482913,69.33732468482913,70.33732468482913,71.33732468482916
471,68.50392584995224,69.50392584995224,70.50392584995224,71.50392584995227
472,68.67052809772369,69.67052809772369,70.67052809772369,71.67052809772372
473,68.83713141024883,69.83713141024883,70.83713141024883,71.83713141024886
474,69.00373576992877,70.00373576992877,71.00373576992877,72.0037357699288
475,69.17034115945552,70.17034115945552,71.17034115945552,72.17034115945555
476,69.33694756180716,70.33694756180716,71.33694756180716,72.3369475618072
477,69.50355496024314,70.50355496024314,71.50355496024314,72.50355496024316
478,69.67016333829955,70.67016333829955,71.67016333829955,72.67016333829957
479,69.83677267978466,70.83677267978466,71.83677267978466,72.83677267978469
480,70.00338296877436,71.00338296877436,72.00338296877436,73.00338296877439
481,70.16999418960772,71.16999418960772,72.16999418960772,73.16999418960775
482,70.33660632688269,71.33660632688269,72.33660632688269,73.33660632688272
483,70.50321936545176,71.50321936545176,72.50321936545176,73.50321936545178
484,70.66983329041781,71.66983329041781,72.66983329041781,73.66983329041784
485,70.83644808712997,71.83644808712997,72.83644808712997,73.83644808713
486,71.00306374117947,72.00306374117947,73.00306374117947,74.0030637411795
487,71.16968023839576,72.16968023839576,73.16968023839576,74.16968023839578
488,71.33629756484245,72.33629756484245,73.33629756484245,74.33629756484248
489,71.50291570681355,72.50291570681355,73.50291570681355,74.50291570681358
490,71.66953465082958,72.66953465082958,73.66953465082958,74.6695346508296
491,71.83615438363385,72.83615438363385,73.83615438363385,74.83615438363388
492,72.00277489218884,73.00277489218884,74.00277489218884,75.00277489218887
493,72.16939616367246,73.16939616367246,74.16939616367246,75.16939616367249
494,72.33601818547457,73.33601818547457,74.33601818547457,75.3360181854746
495,72.50264094519346,73.50264094519346,74.50264094519346,75.50264094519349
496,72.66926443063241,73.66926443063241,74.66926443063241,75.66926443063244
497,72.83588862979629,73.83588862979629,74.83588862979629,75.83588862979632
498,73.00251353088822,74.00251353088822,75.00251353088822,76.00251353088825
499,73.16913912230633,74.16913912230633,75.16913912230633,76.16913912230636
500,73.33576539264051,74.33576539264051,75.33576539264051,76.33576539264054
501,73.50239233066921,74.50239233066921,75.50239233066921,76.50239233066924
502,73.6690199253564,74.6690199253564,75.6690199253564,76.66901992535642
503,73.83564816584841,74.83564816584841,75.83564816584841,76.83564816584844
504,74.00227704147102,75.00227704147102,76.00227704147102,77.00227704147105
505,74.1689065417264,75.1689065417264,76.1689065417264,77.16890654172643
506,74.33553665629026,75.33553665629026,76.33553665629026,77.33553665629029
507,74.50216737500894,75.50216737500894,76.50216737500894,77.50216737500897
508,74.66879868789661,75.66879868789661,76.66879868789661,77.66879868789664
509,74.8354305851325,75.8354305851325,76.8354305851325,77.83543058513253
510,75.00206305705815,76.00206305705815,77.00206305705815,78.00206305705818
511,75.16869609417476,76.16869609417476,77.16869609417476,78.16869609417479
512,75.3353296871405,76.3353296871405,77.3353296871405,78.33532968714053
513,75.50196382676798,76.50196382676798,77.50196382676798,78.501963826768
514,75.66859850402163,76.66859850402163,77.66859850402163,78.66859850402166
515,75.83523371001527,76.83523371001527,77.83523371001527,78.8352337100153
516,76.00186943600957,77.00186943600957,78.00186943600957,79.0018694360096
517,76.16850567340964,77.16850567340964,78.16850567340964,79.16850567340967
518,76.33514241376267,77.33514241376267,78.33514241376267,79.3351424137627
519,76.50177964875554,77.50177964875554,78.50177964875554,79.50177964875557
520,76.66841737021257,77.66841737021257,78.66841737021257,79.6684173702126
521,76.83505557009317,77.83505557009317,78.83505557009317,79.8350555700932
522,77.0016942404897,78.0016942404897,79.0016942404897,80.00169424048973
523,77.16833337362517,78.16833337362517,79.16833337362517,80.1683333736252
524,77.33497296185116,78.33497296185116,79.33497296185116,80.3349729618512
525,77.50161299764568,78.50161299764568,79.50161299764568,80.50161299764571
526,77.66825347361103,78.66825347361103,79.66825347361103,80.66825347361106
527,77.83489438247182,78.83489438247182,79.83489438247182,80.83489438247184
528,78.00153571707288,79.00153571707288,80.00153571707288,81.00153571707291
529,78.16817747037736,79.16817747037736,80.16817747037736,81.16817747037739
530,78.33481963546464,79.33481963546464,80.33481963546464,81.33481963546467
531,78.50146220552855,79.50146220552855,80.50146220552855,81.50146220552858
532,78.6681051738754,79.6681051738754,80.6681051738754,81.66810517387543
533,78.83474853392214,79.83474853392214,80.83474853392214,81.83474853392217
534,79.00139227919449,80.00139227919449,81.00139227919449,82.00139227919452
535,79.16803640332525,80.16803640332525,81.16803640332525,82.16803640332527
536,79.33468090005239,80.33468090005239,81.33468090005239,82.33468090005242
537,79.50132576321744,80.50132576321744,81.50132576321744,82.50132576321747
538,79.66797098676368,80.66797098676368,81.66797098676368,82.6679709867637
539,79.83461656473453,80.83461656473453,81.83461656473453,82.83461656473456
540,80.00126249127185,81.00126249127185,82.00126249127185,83.00126249127187
541,80.16790876061431,81.16790876061431,82.16790876061431,83.16790876061434
542,80.33455536709585,81.33455536709585,82.33455536709585,83.33455536709587
543,80.501202305144,81.501202305144,82.501202305144,83.50120230514403
544,80.66784956927847,81.66784956927847,82.66784956927847,83.6678495692785
545,80.8344971541095,81.8344971541095,82.8344971541095,83.83449715410953
546,81.0011450543364,82.0011450543364,83.0011450543364,84.00114505433643
547,81.16779326474615,82.16779326474615,83.16779326474615,84.16779326474618
548,81.33444178021186,82.33444178021186,83.33444178021186,84.33444178021189
549,81.50109059569138,82.50109059569138,83.50109059569138,84.50109059569141
550,81.6677397062259,82.6677397062259,83.6677397062259,84.66773970622593
551,81.83438910693857,82.83438910693857,83.83438910693857,84.8343891069386
552,82.00103879303317,83.00103879303317,84.00103879303317,85.0010387930332
553,82.16768875979274,83.16768875979274,84.16768875979274,85.16768875979277
554,82.33433900257826,83.33433900257826,84.33433900257826,85.33433900257829
555,82.50098951682743,83.50098951682743,84.50098951682743,85.50098951682746
556,82.66764029805333,83.66764029805333,84.66764029805333,85.66764029805336
557,82.83429134184321,83.83429134184321,84.83429134184321,85.83429134184324
558,83.00094264385726,84.00094264385726,85.00094264385726,86.00094264385729
559,83.16759419982739,84.16759419982739,85.16759419982739,86.16759419982742
560,83.33424600555607,84.33424600555607,85.33424600555607,86.3342460055561
561,83.50089805691515,84.50089805691515,85.50089805691515,86.50089805691518
562,83.66755034984469,84.66755034984469,85.66755034984469,86.66755034984472
563,83.83420288035188,84.83420288035188,85.83420288035188,86.83420288035191
564,84.0008556445099,85.0008556445099,86.0008556445099,87.00085564450993
565,84.16750863845681,85.16750863845681,86.16750863845681,87.16750863845684
566,84.33416185839454,85.33416185839454,86.33416185839454,87.33416185839457
567,84.50081530058777,85.50081530058777,86.50081530058777,87.5008153005878
568,84.66746896136294,85.66746896136294,86.66746896136294,87.66746896136297
569,84.8341228371072,85.8341228371072,86.8341228371072,87.83412283710723
570,85.00077692426741,86.00077692426741,87.00077692426741,88.00077692426744
571,85.16743121934915,86.16743121934915,87.16743121934915,88.16743121934918
572,85.33408571891579,86.33408571891579,87.33408571891579,88.33408571891582
573,85.50074041958746,86.50074041958746,87.50074041958746,88.50074041958749
574,85.66739531804019,86.66739531804019,87.66739531804019,88.66739531804022
575,85.83405041100494,86.83405041100494,87.83405041100494,88.83405041100497
576,86.00070569526669,87.00070569526669,88.00070569526669,89.00070569526672
577,86.16736116766359,87.16736116766359,88.16736116766359,89.16736116766361
578,86.33401682508601,87.33401682508601,88.33401682508601,89.33401682508604
579,86.50067266447574,87.50067266447574,88.50067266447574,89.50067266447577
580,86.66732868282513,87.66732868282513,88.66732868282513,89.66732868282516
581,86.8339848771762,87.8339848771762,88.8339848771762,89.83398487717623
582,87.00064124461993,88.00064124461993,89.00064124461993,90.00064124461996
583,87.16729778229531,88.16729778229531,89.16729778229531,90.16729778229534
584,87.33395448738867,88.33395448738867,89.33395448738867,90.3339544873887
585,87.50061135713281,88.50061135713281,89.50061135713281,90.50061135713284
586,87.6672683888063,88.6672683888063,89.6672683888063,90.66726838880633
587,87.83392557973268,88.83392557973268,89.83392557973268,90.8339255797327
588,88.0005829272797,89.0005829272797,90.0005829272797,91.00058292727972
589,88.16724042885865,89.16724042885865,90.16724042885865,91.16724042885868
590,88.3338980819236,89.3338980819236,90.3338980819236,91.33389808192364
591,88.50055588397072,89.50055588397072,90.50055588397072,91.50055588397075
592,88.66721383253751,89.66721383253751,90.66721383253751,91.66721383253754
593,88.83387192520223,89.83387192520223,90.83387192520223,91.83387192520226
594,89.00053015958314,90.00053015958314,91.00053015958314,92.00053015958316
595,89.16718853333785,90.16718853333785,91.16718853333785,92.16718853333788
596,89.33384704416274,90.33384704416274,91.33384704416274,92.33384704416277
597,89.5005056897922,90.5005056897922,91.5005056897922,92.50050568979223
598,89.66716446799813,90.66716446799813,91.66716446799813,92.66716446799816
599,89.83382337658922,90.83382337658922,91.83382337658922,92.83382337658925
600,90.00048241341038,91.00048241341038,92.00048241341038,93.00048241341041
601,90.16714157634215,91.16714157634215,92.16714157634215,93.16714157634217
602,90.3338008633001,91.3338008633001,92.3338008633001,93.33380086330013
603,90.50046027223425,91.50046027223425,92.50046027223425,93.50046027223428
604,90.6671198011285,91.6671198011285,92.6671198011285,93.66711980112852
605,90.83377944800007,91.83377944800007,92.83377944800007,93.8337794480001
606,91.00043921089899,92.00043921089899,93.00043921089899,94.00043921089902
607,91.16709908790747,92.16709908790747,93.16709908790747,94.1670990879075
608,91.33375907713945,92.33375907713945,93.33375907713945,94.33375907713948
609,91.50041917674002,92.50041917674002,93.50041917674002,94.50041917674005
610,91.66707938488496,92.66707938488496,93.66707938488496,94.66707938488499
611,91.83373969978017,92.83373969978017,93.83373969978017,94.8337396997802
612,92.00040011966122,93.00040011966122,94.00040011966122,95.00040011966125
613,92.16706064279286,93.16706064279286,94.16706064279286,95.16706064279289
614,92.33372126746849,93.33372126746849,94.33372126746849,95.33372126746852
615,92.50038199200972,93.50038199200972,94.50038199200972,95.50038199200975
616,92.66704281476592,93.66704281476592,94.66704281476592,95.66704281476595
617,92.83370373411374,93.83370373411374,94.83370373411374,95.83370373411377
618,93.00036474845665,94.00036474845665,95.00036474845665,96.00036474845668
619,93.16702585622451,94.16702585622451,95.16702585622451,96.16702585622454
620,93.33368705587316,94.33368705587316,95.33368705587316,96.33368705587318
621,93.50034834588392,94.50034834588392,95.50034834588392,96.50034834588395
622,93.66700972476323,94.66700972476323,95.66700972476323,96.66700972476326
623,93.83367119104223,94.83367119104223,95.83367119104223,96.83367119104226
624,94.00033274327632,95.00033274327632,96.00033274327632,97.00033274327635
625,94.16699438004478,95.16699438004478,96.16699438004478,97.16699438004481
626,94.33365609995039,95.33365609995039,96.33365609995039,97.33365609995042
627,94.50031790161898,95.50031790161898,96.50031790161898,97.50031790161901
628,94.66697978369916,95.66697978369916,96.66697978369916,97.66697978369919
629,94.83364174486182,95.83364174486182,96.83364174486182,97.83364174486185
630,95.00030378379984,96.00030378379984,97.00030378379984,98.00030378379986
631,95.16696589922769,96.16696589922769,97.16696589922769,98.16696589922772
632,95.33362808988112,96.33362808988112,97.33362808988112,98.33362808988115
633,95.50029035451675,96.50029035451675,97.50029035451675,98.50029035451678
634,95.66695269191176,96.66695269191176,97.66695269191176,98.66695269191179
635,95.83361510086354,96.83361510086354,97.83361510086354,98.83361510086357
636,96.00027758018935,97.00027758018935,98.00027758018935,99.00027758018938
637,96.16694012872601,97.16694012872601,98.16694012872601,99.16694012872604
638,96.33360274532957,97.33360274532957,98.33360274532957,99.3336027453296
639,96.50026542887497,97.50026542887497,98.50026542887497,99.500265428875
640,96.66692817825576,97.66692817825576,98.66692817825576,99.66692817825579
641,96.83359099238378,97.83359099238378,98.83359099238378,99.8335909923838
642,97.00025387018883,98.00025387018883,99.00025387018883,100.00025387018886
643,97.16691681061843,98.16691681061843,99.16691681061843,100.16691681061846
644,97.3335798126375,98.3335798126375,99.3335798126375,100.33357981263752
645,97.50024287522803,98.50024287522803,99.50024287522803,100.50024287522805
646,97.66690599738887,98.66690599738887,99.66690599738887,100.6669059973889
647,97.83356917813539,98.83356917813539,99.83356917813539,100.83356917813542
648,98.00023241649927,99.00023241649927,100.00023241649927,101.0002324164993
649,98.16689571152817,99.16689571152817,100.16689571152817,101.1668957115282
650,98.3335590622855,99.3335590622855,100.3335590622855,101.33355906228553
651,98.50022246785015,99.50022246785015,100.50022246785015,101.50022246785018
652,98.66688592731623,99.66688592731623,100.66688592731623,101.66688592731626
653,98.83354943979282,99.83354943979282,100.83354943979282,101.83354943979285
654,99.00021300440373,100.00021300440373,101.00021300440373,102.00021300440376
655,99.16687662028725,100.16687662028725,101.16687662028725,102.16687662028728
656,99.33354028659593,100.33354028659593,101.33354028659593,102.33354028659596
657,99.5002040024963,100.5002040024963,101.5002040024963,102.50020400249633
658,99.6668677671687,100.6668677671687,101.6668677671687,102.66686776716872
659,99.83353157980696,100.83353157980696,101.83353157980696,102.83353157980699
660,100.0001954396183,101.0001954396183,102.0001954396183,103.00019543961832
661,100.166859345823,101.166859345823,102.166859345823,103.16685934582303
662,100.33352329765427,101.33352329765427,102.33352329765427,103.3335232976543
663,100.50018729435794,101.50018729435794,102.50018729435794,103.50018729435797
664,100.66685133519235,101.66685133519235,102.66685133519235,103.66685133519238
665,100.83351541942807,101.83351541942807,102.83351541942807,103.8335154194281
666,101.00017954634774,102.00017954634774,103.00017954634774,104.00017954634777
667,101.16684371524585,102.16684371524585,103.16684371524585,104.16684371524588
668,101.33350792542855,102.33350792542855,103.33350792542855,104.33350792542858
669,101.50017217621348,102.50017217621348,103.50017217621348,104.50017217621351
670,101.66683646692954,102.66683646692954,103.66683646692954,104.66683646692957
671,101.83350079691671,102.83350079691671,103.83350079691671,104.83350079691674
672,102.00016516552591,103.00016516552591,104.00016516552591,105.00016516552594
673,102.16682957211877,103.16682957211877,104.16682957211877,105.1668295721188
674,102.33349401606746,103.33349401606746,104.33349401606746,105.33349401606749
675,102.50015849675455,103.50015849675455,104.50015849675455,105.50015849675458
676,102.66682301357281,103.66682301357281,104.66682301357281,105.66682301357284
677,102.83348756592504,103.83348756592504,104.83348756592504,105.83348756592507
678,103.00015215322391,104.00015215322391,105.00015215322391,106.00015215322394
679,103.1668167748918,104.1668167748918,105.1668167748918,106.16681677489183
680,103.33348143036065,104.33348143036065,105.33348143036065,106.33348143036068
681,103.50014611907177,104.50014611907177,105.50014611907177,106.5001461190718
682,103.6668108404757,104.6668108404757,105.6668108404757,106.66681084047573
683,103.8334755940321,104.8334755940321,105.8334755940321,106.83347559403212
684,104.00014037920951,105.00014037920951,106.00014037920951,107.00014037920954
685,104.1668051954853,105.1668051954853,106.1668051954853,107.16680519548532
686,104.33347004234544,105.33347004234544,106.33347004234544,107.33347004234547
687,104.50013491928442,105.50013491928442,106.50013491928442,107.50013491928445
688,104.66679982580509,105.66679982580509,106.66679982580509,107.66679982580511
689,104.83346476141848,105.83346476141848,106.83346476141848,107.83346476141851
690,105.00012972564376,106.00012972564376,107.00012972564376,108.00012972564379
691,105.16679471800799,106.16679471800799,107.16679471800799,108.16679471800802
692,105.33345973804609,106.33345973804609,107.33345973804609,108.33345973804612
693,105.50012478530064,106.50012478530064,107.50012478530064,108.50012478530067
694,105.6667898593218,106.6667898593218,107.6667898593218,108.66678985932182
695,105.83345495966714,106.83345495966714,107.83345495966714,108.83345495966716
696,106.00012008590157,107.00012008590157,108.00012008590157,109.0001200859016
697,106.16678523759718,107.16678523759718,108.16678523759718,109.16678523759721
698,106.33345041433313,107.33345041433313,108.33345041433313,109.33345041433316
699,106.50011561569553,107.50011561569553,108.50011561569553,109.50011561569556
700,106.66678084127736,107.66678084127736,108.66678084127736,109.66678084127739
701,106.83344609067828,107.83344609067828,108.83344609067828,109.83344609067831
702,107.00011136350462,108.00011136350462,109.00011136350462,110.00011136350464
703,107.16677665936918,108.16677665936918,109.16677665936918,110.1667766593692
704,107.33344197789116,108.33344197789116,109.33344197789116,110.33344197789118
705,107.50010731869608,108.50010731869608,109.50010731869608,110.50010731869611
706,107.66677268141562,108.66677268141562,109.66677268141562,110.66677268141565
707,107.83343806568759,108.83343806568759,109.83343806568759,110.83343806568762
708,108.00010347115573,109.00010347115573,110.00010347115573,111.00010347115575
709,108.1667688974697,109.1667688974697,110.1667688974697,111.16676889746972
710,108.33343434428495,109.33343434428495,110.33343434428495,111.33343434428498
711,108.50009981126264,109.50009981126264,110.50009981126264,111.50009981126267
712,108.6667652980695,109.6667652980695,110.6667652980695,111.66676529806954
713,108.83343080437778,109.83343080437778,110.83343080437778,111.83343080437781
714,109.00009632986516,110.00009632986516,111.00009632986516,112.00009632986519
715,109.16676187421461,110.16676187421461,111.16676187421461,112.16676187421464
716,109.3334274371144,110.3334274371144,111.3334274371144,112.33342743711442
717,109.50009301825789,110.50009301825789,111.50009301825789,112.50009301825791
718,109.66675861734355,110.66675861734355,111.66675861734355,112.66675861734358
719,109.83342423407483,110.83342423407483,111.83342423407483,112.83342423407485
720,110.00008986816006,111.00008986816006,112.00008986816006,113.00008986816009
721,110.16675551931242,111.16675551931242,112.16675551931242,113.16675551931245
722,110.3334211872498,111.3334211872498,112.3334211872498,113.33342118724983
723,110.50008687169476,111.50008687169476,112.50008687169476,113.50008687169479
724,110.66675257237446,111.66675257237446,112.66675257237446,113.66675257237449
725,110.83341828902057,111.83341828902057,112.83341828902057,113.8334182890206
726,111.00008402136919,112.00008402136919,113.00008402136919,114.00008402136922
727,111.16674976916077,112.16674976916077,113.16674976916077,114.1667497691608
728,111.33341553214007,112.33341553214007,113.33341553214007,114.3334155321401
729,111.50008131005603,112.50008131005603,113.50008131005603,114.50008131005606
730,111.6667471026618,112.6667471026618,113.6667471026618,114.66674710266183
731,111.83341290971457,112.83341290971457,113.83341290971457,114.8334129097146
732,112.00007873097555,113.00007873097555,114.00007873097555,115.00007873097557
733,112.16674456620989,113.16674456620989,114.16674456620989,115.16674456620991
734,112.33341041518663,113.33341041518663,114.33341041518663,115.33341041518666
735,112.50007627767864,113.50007627767864,114.50007627767864,115.50007627767867
736,112.66674215346252,113.66674215346252,114.66674215346252,115.66674215346255
737,112.83340804231858,113.83340804231858,114.83340804231858,115.83340804231861
738,113.00007394403076,114.00007394403076,115.00007394403076,116.00007394403079
739,113.16673985838656,114.16673985838656,115.16673985838656,116.16673985838659
740,113.333405785177,114.333405785177,115.333405785177,116.33340578517704
741,113.50007172419656,114.50007172419656,115.50007172419656,116.50007172419659
742,113.6667376752431,114.6667376752431,115.6667376752431,116.66673767524313
743,113.83340363811783,114.83340363811783,115.83340363811783,116.83340363811786
744,114.00006961262525,115.00006961262525,116.00006961262525,117.00006961262528
745,114.1667355985731,115.1667355985731,116.1667355985731,117.16673559857313
746,114.33340159577226,115.33340159577226,116.33340159577226,117.33340159577229
747,114.50006760403677,115.50006760403677,116.50006760403677,117.5000676040368
748,114.66673362318375,115.66673362318375,116.66673362318375,117.66673362318377
749,114.83339965303331,115.83339965303331,116.83339965303331,117.83339965303334
750,115.00006569340857,116.00006569340857,117.00006569340857,118.0000656934086
751,115.16673174413555,116.16673174413555,117.16673174413555,118.16673174413557
752,115.33339780504313,116.33339780504313,117.33339780504313,118.33339780504316
753,115.50006387596306,116.50006387596306,117.50006387596306,118.5000638759631
754,115.66672995672985,116.66672995672985,117.66672995672985,118.66672995672988
755,115.83339604718074,116.83339604718074,117.83339604718074,118.83339604718077
756,116.00006214715567,117.00006214715567,118.00006214715567,119.0000621471557
757,116.16672825649722,117.16672825649722,118.16672825649722,119.16672825649725
758,116.33339437505056,117.33339437505056,118.33339437505056,119.33339437505059
759,116.50006050266344,117.50006050266344,118.50006050266344,119.50006050266347
760,116.66672663918614,117.66672663918614,118.66672663918614,119.66672663918617
761,116.83339278447136,117.83339278447136,118.83339278447136,119.83339278447139
762,117.00005893837428,118.00005893837428,119.00005893837428,120.00005893837431
763,117.16672510075247,118.16672510075247,119.16672510075247,120.1667251007525
764,117.33339127146584,118.33339127146584,119.33339127146584,120.33339127146587
765,117.50005745037662,118.50005745037662,119.50005745037662,120.50005745037664
766,117.6667236373493,118.6667236373493,119.6667236373493,120.66672363734934
767,117.83338983225066,118.83338983225066,119.83338983225066,120.83338983225069
768,118.00005603494964,119.00005603494964,120.00005603494964,121.00005603494967
769,118.16672224531735,119.16672224531735,120.16672224531735,121.16672224531737
770,118.33338846322704,119.33338846322704,120.33338846322704,121.33338846322707
771,118.50005468855404,119.50005468855404,120.50005468855404,121.50005468855407
772,118.66672092117578,119.66672092117578,120.66672092117578,121.66672092117581
773,118.83338716097167,119.83338716097167,120.83338716097167,121.8333871609717
774,119.00005340782313,120.00005340782313,121.00005340782313,122.00005340782316
775,119.16671966161354,120.16671966161354,121.16671966161354,122.16671966161357
776,119.33338592222822,120.33338592222822,121.33338592222822,122.33338592222825
777,119.50005218955437,120.50005218955437,121.50005218955437,122.5000521895544
778,119.66671846348105,120.66671846348105,121.66671846348105,122.66671846348108
779,119.83338474389917,120.83338474389917,121.83338474389917,122.8333847438992
780,120.00005103070144,121.00005103070144,122.00005103070144,123.00005103070147
781,120.16671732378234,121.16671732378234,122.16671732378234,123.16671732378236
782,120.33338362303807,121.33338362303807,122.33338362303807,123.3333836230381
783,120.5000499283666,121.5000499283666,122.5000499283666,123.50004992836662
784,120.66671623966752,121.66671623966752,122.66671623966752,123.66671623966755
785,120.83338255684215,121.83338255684215,122.83338255684215,123.83338255684218
786,121.0000488797934,122.0000488797934,123.0000488797934,124.00004887979343
787,121.16671520842577,122.16671520842577,123.16671520842577,124.1667152084258
788,121.33338154264537,122.33338154264537,123.33338154264537,124.3333815426454
789,121.50004788235985,122.50004788235985,123.50004788235985,124.50004788235988
790,121.6667142274784,122.6667142274784,123.6667142274784,124.66671422747842
791,121.83338057791168,122.83338057791168,123.83338057791168,124.83338057791171
792,122.00004693357187,123.00004693357187,124.00004693357187,125.0000469335719
793,122.16671329437254,123.16671329437254,124.16671329437254,125.16671329437257
794,122.33337966022876,123.33337966022876,124.33337966022876,125.33337966022879
795,122.50004603105694,123.50004603105694,124.50004603105694,125.50004603105697
796,122.66671240677492,123.66671240677492,124.66671240677492,125.66671240677495
797,122.83337878730187,123.83337878730187,124.83337878730187,125.8333787873019
798,123.0000451725583,124.0000451725583,125.0000451725583,126.00004517255833
799,123.16671156246605,124.16671156246605,125.16671156246605,126.16671156246608
800,123.33337795694824,124.33337795694824,125.33337795694824,126.33337795694827
801,123.50004435592925,124.50004435592925,125.50004435592925,126.50004435592928
802,123.66671075933473,124.66671075933473,125.66671075933473,126.66671075933476
803,123.83337716709156,124.83337716709156,125.83337716709156,126.83337716709158
804,124.00004357912779,125.00004357912779,126.00004357912779,127.00004357912782
805,124.16670999537271,125.16670999537271,126.16670999537271,127.16670999537274
806,124.33337641575675,125.33337641575675,126.33337641575675,127.33337641575677
807,124.50004284021149,125.50004284021149,126.50004284021149,127.50004284021152
808,124.66670926866965,125.66670926866965,126.66670926866965,127.66670926866968
809,124.83337570106507,125.83337570106507,126.83337570106507,127.8333757010651
810,125.00004213733266,126.00004213733266,127.00004213733266,128.00004213733268
811,125.16670857740841,126.16670857740841,127.16670857740841,128.16670857740846
812,125.3333750212294,126.3333750212294,127.3333750212294,128.33337502122944
813,125.50004146873371,126.50004146873371,127.50004146873371,128.50004146873377
814,125.66670791986047,126.66670791986047,127.66670791986047,128.66670791986053
815,125.8333743745498,126.8333743745498,127.8333743745498,128.83337437454986
816,126.00004083274283,127.00004083274283,128.00004083274283,129.00004083274288
817,126.16670729438162,127.16670729438162,128.1667072943816,129.16670729438167
818,126.33337375940924,127.33337375940924,128.33337375940923,129.33337375940928
819,126.50004022776967,127.50004022776967,128.50004022776966,129.50004022776972
820,126.66670669940783,127.66670669940783,128.6667066994078,129.66670669940785
821,126.83337317426952,127.83337317426952,128.8333731742695,129.83337317426955
822,127.00003965230148,128.0000396523015,129.00003965230147,130.00003965230152
823,127.16670613345131,128.16670613345133,129.1667061334513,130.16670613345136
824,127.33337261766748,128.3333726176675,129.33337261766746,130.33337261766752
825,127.50003910489929,128.50003910489932,129.5000391048993,130.50003910489934
826,127.6667055950969,128.66670559509694,129.66670559509691,130.66670559509697
827,127.8333720882113,128.83337208821135,129.83337208821132,130.83337208821138
828,128.00003858419427,129.00003858419433,130.0000385841943,131.00003858419436
829,128.16670508299842,129.16670508299848,130.16670508299845,131.1667050829985
830,128.3333715845771,129.33337158457715,130.33337158457712,131.33337158457718
831,128.50003808888442,129.50003808888448,130.50003808888445,131.5000380888845
832,128.66670459587533,129.6667045958754,130.66670459587536,131.66670459587542
833,128.83337110550545,129.8333711055055,130.83337110550548,131.83337110550553
834,129.00003761773118,130.00003761773124,131.0000376177312,132.00003761773127
835,129.16670413250958,130.16670413250964,131.1667041325096,132.16670413250966
836,129.3333706497985,130.33337064979855,131.33337064979852,132.33337064979858
837,129.5000371695564,130.50003716955646,131.50003716955644,132.5000371695565
838,129.66670369174253,130.66670369174258,131.66670369174255,132.6667036917426
839,129.8333702163167,130.83337021631675,131.83337021631672,132.83337021631678
840,130.00003674323946,131.00003674323952,132.0000367432395,133.00003674323955
841,130.166703272472,131.16670327247206,132.16670327247203,133.1667032724721
842,130.33336980397613,131.33336980397618,132.33336980397615,133.3333698039762
843,130.5000363377143,131.50003633771436,132.50003633771433,133.5000363377144
844,130.6667028736496,131.66670287364965,132.66670287364963,133.66670287364968
845,130.8333694117457,131.83336941174576,132.83336941174574,133.8333694117458
846,131.0000359519669,132.00003595196696,133.00003595196694,134.000035951967
847,131.16670249427807,132.16670249427813,133.1667024942781,134.16670249427816
848,131.33336903864463,132.3333690386447,133.33336903864466,134.33336903864472
849,131.50003558503266,132.50003558503272,133.5000355850327,134.50003558503275
850,131.66670213340873,132.6667021334088,133.66670213340876,134.66670213340882
851,131.83336868373996,132.83336868374002,133.83336868374,134.83336868374005
852,132.00003523599406,133.00003523599412,134.0000352359941,135.00003523599415
853,132.16670179013923,133.16670179013929,134.16670179013926,135.1667017901393
854,132.33336834614423,133.33336834614428,134.33336834614425,135.3333683461443
855,132.5000349039783,133.50003490397836,134.50003490397833,135.5000349039784
856,132.66670146361125,133.6667014636113,134.66670146361128,135.66670146361133
857,132.8333680250133,133.83336802501336,134.83336802501333,135.83336802501339
858,133.00003458815522,134.00003458815527,135.00003458815524,136.0000345881553
859,133.16670115300826,134.16670115300832,135.1667011530083,136.16670115300835
860,133.33336771954413,134.33336771954419,135.33336771954416,136.3333677195442
861,133.50003428773502,134.50003428773508,135.50003428773505,136.5000342877351
862,133.6667008575536,134.66670085755365,135.66670085755362,136.66670085755368
863,133.8333674289729,134.83336742897296,135.83336742897293,136.833367428973
864,134.00003400196653,135.00003400196658,136.00003400196655,137.0000340019666
865,134.16670057650845,135.1667005765085,136.16670057650848,137.16670057650853
866,134.33336715257306,135.33336715257312,136.3333671525731,137.33336715257315
867,134.5000337301352,135.50003373013524,136.50003373013521,137.50003373013527
868,134.6667003091701,135.66670030917015,136.66670030917012,137.66670030917018
869,134.83336688965343,135.8333668896535,136.83336688965346,137.83336688965352
870,135.00003347156127,136.00003347156132,137.0000334715613,138.00003347156135
871,135.16670005487003,136.1667000548701,137.16670005487006,138.16670005487012
872,135.3333666395566,136.33336663955666,137.33336663955663,138.3333666395567
873,135.50003322559817,136.50003322559823,137.5000332255982,138.50003322559826
874,135.66669981297235,136.6666998129724,137.66669981297238,138.66669981297244
875,135.83336640165714,136.8333664016572,137.83336640165717,138.83336640165723
876,136.00003299163086,137.00003299163092,138.0000329916309,139.00003299163095
877,136.1666995828722,137.16669958287227,138.16669958287224,139.1666995828723
878,136.33336617536023,137.33336617536028,138.33336617536025,139.3333661753603
879,136.50003276907432,137.50003276907438,138.50003276907435,139.5000327690744
880,136.6666993639942,137.66669936399427,138.66669936399424,139.6666993639943
881,136.83336596009997,137.83336596010002,138.8333659601,139.83336596010005
882,137.000032557372,138.00003255737207,139.00003255737204,140.0000325573721
883,137.16669915579104,138.1666991557911,139.16669915579106,140.16669915579112
884,137.3333657553381,138.33336575533815,139.33336575533812,140.33336575533818
885,137.50003235599456,138.50003235599462,139.5000323559946,140.50003235599465
886,137.66669895774208,138.66669895774214,139.6666989577421,140.66669895774217
887,137.8333655605626,138.83336556056267,139.83336556056264,140.8333655605627
888,138.00003216443844,139.0000321644385,140.00003216443847,141.00003216443852
889,138.1666987693521,139.16669876935217,140.16669876935214,141.1666987693522
890,138.33336537528646,139.33336537528652,140.3333653752865,141.33336537528655
891,138.50003198222464,139.5000319822247,140.50003198222467,141.50003198222473
892,138.66669859015005,139.6666985901501,140.66669859015008,141.66669859015013
893,138.83336519904637,139.83336519904643,140.8333651990464,141.83336519904645
894,139.00003180889755,140.0000318088976,141.00003180889757,142.00003180889763
895,139.1666984196878,140.16669841968786,141.16669841968783,142.1666984196879
896,139.33336503140163,140.33336503140168,141.33336503140166,142.3333650314017
897,139.50003164402375,140.5000316440238,141.50003164402378,142.50003164402384
898,139.66669825753914,140.6666982575392,141.66669825753917,142.66669825753922
899,139.83336487193304,140.8333648719331,141.83336487193307,142.83336487193313
900,140.00003148719094,141.000031487191,142.00003148719097,143.00003148719102
901,140.16669810329856,141.16669810329861,142.1666981032986,143.16669810329864
902,140.33336472024183,141.3333647202419,142.33336472024186,143.33336472024192
903,140.50003133800698,141.50003133800703,142.500031338007,143.50003133800706
904,140.6666979565804,141.66669795658046,142.66669795658044,143.6666979565805
905,140.83336457594874,141.8333645759488,142.83336457594876,143.83336457594882
906,141.00003119609883,142.0000311960989,143.00003119609886,144.00003119609892
907,141.1666978170178,142.16669781701785,143.16669781701782,144.16669781701788
908,141.33336443869288,142.33336443869294,143.3333644386929,144.33336443869297
909,141.50003106111163,142.50003106111168,143.50003106111166,144.5000310611117
910,141.66669768426175,142.6666976842618,143.66669768426178,144.66669768426183
911,141.83336430813114,142.8333643081312,143.83336430813117,144.83336430813122
912,142.0000309327079,143.00003093270794,144.00003093270792,145.00003093270797
913,142.16669755798034,143.1666975579804,144.16669755798037,145.16669755798043
914,142.33336418393696,143.33336418393702,144.333364183937,145.33336418393705
915,142.50003081056647,143.50003081056653,144.5000308105665,145.50003081056656
916,142.66669743785775,143.6666974378578,144.66669743785778,145.66669743785783
917,142.83336406579983,143.83336406579988,144.83336406579986,145.8333640657999
918,143.000030694382,144.00003069438205,145.00003069438202,146.00003069438208
919,143.16669732359364,144.1666973235937,145.16669732359367,146.16669732359372
920,143.33336395342434,144.3333639534244,145.33336395342437,146.33336395342442
921,143.5000305838639,144.50003058386395,145.50003058386392,146.50003058386397
922,143.66669721490223,144.66669721490229,145.66669721490226,146.6666972149023
923,143.83336384652947,144.83336384652952,145.8333638465295,146.83336384652955
924,144.00003047873585,145.0000304787359,146.00003047873588,147.00003047873594
925,144.1666971115118,145.16669711151187,146.16669711151184,147.1666971115119
926,144.33336374484793,145.333363744848,146.33336374484796,147.33336374484801
927,144.50003037873498,145.50003037873503,146.500030378735,147.50003037873506
928,144.6666970131638,145.66669701316385,146.66669701316383,147.66669701316388
929,144.83336364812547,145.83336364812553,146.8333636481255,147.83336364812556
930,145.00003028361118,146.00003028361124,147.0000302836112,148.00003028361127
931,145.1666969196123,146.16669691961235,147.16669691961232,148.16669691961238
932,145.33336355612025,146.3333635561203,147.33336355612028,148.33336355612033
933,145.5000301931267,146.50003019312675,147.50003019312672,148.50003019312678
934,145.66669683062338,146.66669683062344,147.6666968306234,148.66669683062347
935,145.8333634686022,146.83336346860224,147.83336346860222,148.83336346860227
936,146.00003010705518,147.00003010705524,148.0000301070552,149.00003010705527
937,146.1666967459745,147.16669674597455,148.16669674597452,149.16669674597458
938,146.33336338535244,147.3333633853525,148.33336338535247,149.33336338535253
939,146.50003002518142,147.50003002518147,148.50003002518145,149.5000300251815
940,146.666696665454,147.66669666545405,148.66669666545403,149.66669666545408
941,146.83336330616282,147.83336330616288,148.83336330616285,149.8333633061629
942,147.0000299473007,148.00002994730076,149.00002994730073,150.0000299473008
943,147.16669658886053,148.1666965888606,149.16669658886056,150.16669658886062
944,147.33336323083535,148.3333632308354,149.33336323083537,150.33336323083543
945,147.5000298732183,148.50002987321835,149.50002987321832,150.50002987321838
946,147.66669651600262,148.66669651600267,149.66669651600265,150.6666965160027
947,147.83336315918166,148.83336315918172,149.8333631591817,150.83336315918174
948,148.00002980274894,149.000029802749,150.00002980274897,151.00002980274903
949,148.166696446698,149.16669644669807,150.16669644669804,151.1666964466981
950,148.33336309102256,149.33336309102262,150.3333630910226,151.33336309102265
951,148.5000297357164,149.50002973571645,150.50002973571642,151.50002973571648
952,148.66669638077343,149.6666963807735,150.66669638077346,151.66669638077352
953,148.83336302618764,149.8333630261877,150.83336302618767,151.83336302618773
954,149.00002967195311,150.00002967195317,151.00002967195314,152.0000296719532
955,149.16669631806406,150.1666963180641,151.16669631806408,152.16669631806414
956,149.33336296451475,150.3333629645148,151.33336296451478,152.33336296451483
957,149.5000296112996,150.50002961129965,151.50002961129962,152.50002961129968
958,149.66669625841305,150.6666962584131,151.66669625841308,152.66669625841314
959,149.8333629058497,150.83336290584975,151.83336290584973,152.83336290584978
960,150.00002955360418,151.00002955360424,152.0000295536042,153.00002955360426
961,150.16669620167127,151.16669620167133,152.1666962016713,153.16669620167136
962,150.33336285004577,151.33336285004583,152.3333628500458,153.33336285004586
963,150.50002949872263,151.50002949872268,152.50002949872265,153.5000294987227
964,150.66669614769683,151.66669614769688,152.66669614769685,153.6666961476969
965,150.83336279696346,151.8333627969635,152.83336279696348,153.83336279696354
966,151.0000294465177,152.00002944651774,153.00002944651771,154.00002944651777
967,151.16669609635477,152.16669609635483,153.1666960963548,154.16669609635485
968,151.33336274647002,152.33336274647007,153.33336274647004,154.3333627464701
969,151.50002939685882,152.50002939685888,153.50002939685885,154.5000293968589
970,151.6666960475167,152.66669604751675,153.66669604751672,154.66669604751678
971,151.83336269843917,152.83336269843923,153.8333626984392,154.83336269843926
972,152.00002934962188,153.00002934962194,154.0000293496219,155.00002934962197
973,152.1666960010605,153.16669600106056,154.16669600106053,155.1666960010606
974,152.33336265275082,153.33336265275088,154.33336265275085,155.3333626527509
975,152.5000293046887,153.50002930468875,154.50002930468872,155.50002930468878
976,152.66669595687,153.66669595687006,154.66669595687003,155.6666959568701
977,152.83336260929073,153.8333626092908,154.83336260929076,155.83336260929082
978,153.00002926194693,154.000029261947,155.00002926194696,156.00002926194702
979,153.1666959148347,154.16669591483475,155.16669591483472,156.16669591483478
980,153.33336256795022,154.33336256795027,155.33336256795025,156.3333625679503
981,153.5000292212897,154.50002922128976,155.50002922128974,156.5000292212898
982,153.6666958748495,154.66669587484955,155.66669587484952,156.66669587484958
983,153.8333625286259,154.83336252862597,155.83336252862594,156.833362528626
984,154.00002918261538,155.00002918261544,156.0000291826154,157.00002918261546
985,154.1666958368144,155.16669583681445,156.16669583681443,157.16669583681448
986,154.33336249121948,155.33336249121953,156.3333624912195,157.33336249121956
987,154.50002914582723,155.50002914582728,156.50002914582726,157.5000291458273
988,154.6666958006343,155.66669580063436,156.66669580063433,157.6666958006344
989,154.8333624556374,155.83336245563746,156.83336245563743,157.83336245563748
990,155.00002911083328,156.00002911083334,157.0000291108333,158.00002911083337
991,155.16669576621874,156.1666957662188,157.16669576621877,158.16669576621882
992,155.33336242179067,156.33336242179072,157.3333624217907,158.33336242179075
993,155.50002907754597,156.50002907754603,157.500029077546,158.50002907754606
994,155.66669573348165,156.6666957334817,157.66669573348167,158.66669573348173
995,155.83336238959467,156.83336238959473,157.8333623895947,158.83336238959475
996,156.00002904588214,157.0000290458822,158.00002904588217,159.00002904588223
997,156.16669570234117,157.16669570234123,158.1666957023412,159.16669570234126
998,156.3333623589689,157.33336235896897,158.33336235896894,159.333362358969
999,156.50002901576258,157.50002901576264,158.5000290157626,159.50002901576266
1000,156.66669567271944,157.6666956727195,158.66669567271947,159.66669567271953
1001,156.83336232983677,157.83336232983683,158.8333623298368,159.83336232983686
1002,157.00002898711196,158.00002898711202,159.000028987112,160.00002898711205
1003,157.16669564454236,158.16669564454241,159.1666956445424,160.16669564454244
1004,157.33336230212544,158.3333623021255,159.33336230212547,160.33336230212552
1005,157.50002895985864,158.5000289598587,159.50002895985867,160.50002895985872
1006,157.6666956177395,158.66669561773955,159.66669561773952,160.66669561773958
1007,157.83336227576558,158.83336227576564,159.8333622757656,160.83336227576567
1008,158.0000289339345,159.00002893393454,160.00002893393452,161.00002893393457
1009,158.16669559224385,159.1666955922439,160.16669559224388,161.16669559224394
1010,158.33336225069135,159.3333622506914,160.33336225069138,161.33336225069144
1011,158.5000289092747,159.50002890927476,160.50002890927473,161.5000289092748
1012,158.66669556799164,159.6666955679917,160.66669556799167,161.66669556799172
1013,158.83336222684,159.83336222684005,160.83336222684002,161.83336222684008
1014,159.00002888581756,160.0000288858176,161.00002888581758,162.00002888581764
1015,159.16669554492222,160.16669554492228,161.16669554492225,162.1666955449223
1016,159.33336220415188,160.33336220415194,161.3333622041519,162.33336220415197
1017,159.50002886350447,160.50002886350453,161.5000288635045,162.50002886350455
1018,159.66669552297793,160.666695522978,161.66669552297796,162.66669552297802
1019,159.83336218257028,160.83336218257034,161.8333621825703,162.83336218257037
1020,160.00002884227956,161.00002884227962,162.0000288422796,163.00002884227965
1021,160.16669550210383,161.1666955021039,162.16669550210386,163.16669550210392
1022,160.33336216204123,161.33336216204128,162.33336216204125,163.3333621620413
1023,160.50002882208983,161.5000288220899,162.50002882208986,163.50002882208992
1024,160.66669548224783,161.6666954822479,162.66669548224786,163.66669548224792
1025,160.8333621425134,161.83336214251347,162.83336214251344,163.8333621425135
1026,161.00002880288477,162.00002880288483,163.0000288028848,164.00002880288486
1027,161.16669546336018,162.16669546336024,163.1666954633602,164.16669546336027
1028,161.33336212393795,162.333362123938,163.33336212393797,164.33336212393803
1029,161.50002878461635,162.5000287846164,163.50002878461638,164.50002878461643
1030,161.6666954453937,162.66669544539377,163.66669544539374,164.6666954453938
1031,161.83336210626842,162.83336210626848,163.83336210626845,164.8333621062685
1032,162.00002876723886,163.00002876723892,164.0000287672389,165.00002876723894
1033,162.16669542830346,163.1666954283035,164.16669542830348,165.16669542830354
1034,162.33336208946065,163.3333620894607,164.33336208946068,165.33336208946073
1035,162.5000287507089,163.50002875070896,164.50002875070894,165.500028750709
1036,162.66669541204672,163.66669541204678,164.66669541204675,165.6666954120468
1037,162.8333620734726,163.83336207347267,164.83336207347264,165.8333620734727
1038,163.00002873498514,164.0000287349852,165.00002873498516,166.00002873498522
1039,163.16669539658284,164.1666953965829,165.16669539658287,166.16669539658292
1040,163.33336205826433,164.33336205826438,165.33336205826436,166.3333620582644
1041,163.5000287200282,164.50002872002827,165.50002872002824,166.5000287200283
1042,163.66669538187313,164.66669538187318,165.66669538187315,166.6666953818732
1043,163.83336204379773,164.8333620437978,165.83336204379776,166.83336204379782
1044,164.00002870580073,165.0000287058008,166.00002870580076,167.00002870580082
1045,164.1666953678808,165.16669536788086,166.16669536788083,167.1666953678809
1046,164.3333620300367,165.33336203003677,166.33336203003674,167.3333620300368
1047,164.50002869226716,165.50002869226722,166.5000286922672,167.50002869226725
1048,164.66669535457095,165.666695354571,166.66669535457098,167.66669535457103
1049,164.83336201694684,165.8333620169469,166.83336201694686,167.83336201694692
1050,165.00002867939364,166.0000286793937,167.00002867939367,168.00002867939372
1051,165.16669534191018,166.16669534191024,167.1666953419102,168.16669534191027
1052,165.33336200449534,166.3333620044954,167.33336200449537,168.33336200449543
1053,165.50002866714794,166.500028667148,167.50002866714797,168.50002866714803
1054,165.6666953298669,166.66669532986697,167.66669532986694,168.666695329867
1055,165.83336199265113,166.8333619926512,167.83336199265116,168.83336199265122
1056,166.0000286554995,167.00002865549956,168.00002865549953,169.0000286554996
1057,166.166695318411,167.16669531841106,168.16669531841103,169.1666953184111
1058,166.33336198138457,167.33336198138463,168.3333619813846,169.33336198138466
1059,166.50002864441916,167.50002864441922,168.5000286444192,169.50002864441925
1060,166.6666953075138,167.66669530751386,168.66669530751383,169.6666953075139
1061,166.83336197066748,167.83336197066754,168.8333619706675,169.83336197066757
1062,167.00002863387923,168.00002863387928,169.00002863387925,170.0000286338793
1063,167.16669529714807,168.16669529714812,169.1666952971481,170.16669529714815
1064,167.33336196047307,168.33336196047313,169.3333619604731,170.33336196047316
1065,167.5000286238533,168.50002862385335,169.50002862385332,170.50002862385338
1066,167.66669528728787,168.66669528728792,169.6666952872879,170.66669528728795
1067,167.83336195077584,168.8333619507759,169.83336195077587,170.83336195077592
1068,168.00002861431636,169.00002861431642,170.0000286143164,171.00002861431645
1069,168.16669527790856,169.16669527790862,170.1666952779086,171.16669527790864
1070,168.33336194155157,169.33336194155163,170.3333619415516,171.33336194155166
1071,168.50002860524455,169.5000286052446,170.50002860524458,171.50002860524464
1072,168.6666952689867,169.66669526898676,170.66669526898673,171.66669526898679
1073,168.83336193277717,169.83336193277722,170.8333619327772,171.83336193277725
1074,169.00002859661518,170.00002859661524,171.0000285966152,172.00002859661527
1075,169.16669526049995,170.1666952605,171.16669526049998,172.16669526050003
1076,169.3333619244307,170.33336192443076,171.33336192443073,172.3333619244308
1077,169.50002858840668,170.50002858840674,171.5000285884067,172.50002858840676
1078,169.66669525242713,170.6666952524272,171.66669525242716,172.66669525242722
1079,169.83336191649133,170.83336191649138,171.83336191649136,172.8333619164914
1080,170.00002858059852,171.00002858059858,172.00002858059855,173.0000285805986
1081,170.166695244748,171.16669524474807,172.16669524474804,173.1666952447481
1082,170.3333619089391,171.33336190893917,172.33336190893914,173.3333619089392
1083,170.50002857317114,171.5000285731712,172.50002857317116,173.50002857317122
1084,170.6666952374434,171.66669523744346,172.66669523744343,173.6666952374435
1085,170.83336190175524,171.8333619017553,172.83336190175527,173.83336190175532
1086,171.000028566106,172.00002856610607,173.00002856610604,174.0000285661061
1087,171.16669523049507,172.16669523049512,173.1666952304951,174.16669523049515
1088,171.33336189492175,172.3333618949218,173.33336189492178,174.33336189492184
1089,171.50002855938547,172.50002855938553,173.5000285593855,174.50002855938556
1090,171.6666952238856,172.66669522388565,173.66669522388563,174.66669522388568
1091,171.83336188842154,172.8333618884216,173.83336188842156,174.83336188842162
1092,172.0000285529927,173.00002855299275,174.00002855299272,175.00002855299277
1093,172.1666952175985,173.16669521759854,174.16669521759852,175.16669521759857
1094,172.33336188223834,173.3333618822384,174.33336188223836,175.33336188223842
1095,172.5000285469117,173.50002854691175,174.50002854691172,175.50002854691178
1096,172.666695211618,173.66669521161805,174.66669521161802,175.66669521161808
1097,172.8333618763567,173.83336187635675,174.83336187635672,175.83336187635678
1098,173.00002854112725,174.0000285411273,175.00002854112728,176.00002854112734
1099,173.16669520592916,174.16669520592922,175.1666952059292,176.16669520592924
1100,173.33336187076188,174.33336187076193,175.3333618707619,176.33336187076196
1101,173.50002853562492,174.50002853562498,175.50002853562495,176.500028535625
1102,173.66669520051778,174.66669520051784,175.6666952005178,176.66669520051786
1103,173.83336186543994,174.83336186544,175.83336186543997,176.83336186544003
1104,174.00002853039095,175.000028530391,176.00002853039098,177.00002853039103
1105,174.16669519537032,175.16669519537038,176.16669519537035,177.1666951953704
1106,174.33336186037758,175.33336186037764,176.3333618603776,177.33336186037766
1107,174.50002852541226,175.50002852541232,176.5000285254123,177.50002852541235
1108,174.66669519047392,175.66669519047397,176.66669519047394,177.666695190474
1109,174.8333618555621,175.83336185556215,176.83336185556212,177.83336185556217
1110,175.00002852067635,176.0000285206764,177.00002852067638,178.00002852067644
1111,175.16669518581628,176.16669518581634,177.1666951858163,178.16669518581637
1112,175.33336185098145,176.3333618509815,177.33336185098148,178.33336185098153
1113,175.50002851617143,176.50002851617148,177.50002851617145,178.5000285161715
1114,175.66669518138582,176.66669518138588,177.66669518138585,178.6666951813859
1115,175.8333618466242,176.83336184662426,177.83336184662423,178.83336184662429
1116,176.0000285118862,177.00002851188626,178.00002851188623,179.00002851188628
1117,176.16669517717142,177.16669517717148,178.16669517717145,179.1666951771715
1118,176.33336184247946,177.33336184247952,178.3333618424795,179.33336184247955
1119,176.50002850780996,177.50002850781001,178.50002850781,179.50002850781004
1120,176.66669517316254,177.6666951731626,178.66669517316257,179.66669517316262
1121,176.83336183853686,177.83336183853692,178.8333618385369,179.83336183853694
1122,177.00002850393253,178.00002850393258,179.00002850393255,180.0000285039326
1123,177.1666951693492,178.16669516934925,179.16669516934923,180.16669516934928
1124,177.33336183478653,178.3333618347866,179.33336183478656,180.33336183478661
1125,177.50002850024418,178.50002850024424,179.5000285002442,180.50002850024427
1126,177.66669516572182,178.66669516572188,179.66669516572185,180.6666951657219
1127,177.83336183121912,178.83336183121918,179.83336183121915,180.8333618312192
1128,178.00002849673575,179.0000284967358,180.00002849673578,181.00002849673584
1129,178.1666951622714,179.16669516227145,180.16669516227142,181.16669516227148
1130,178.3333618278257,179.33336182782577,180.33336182782574,181.3333618278258
1131,178.50002849339842,179.50002849339847,180.50002849339845,181.5000284933985
1132,178.6666951589892,179.66669515898926,180.66669515898923,181.66669515898928
1133,178.83336182459777,179.83336182459783,180.8333618245978,181.83336182459786
1134,179.00002849022383,180.00002849022388,181.00002849022385,182.0000284902239
1135,179.1666951558671,180.16669515586716,181.16669515586713,182.1666951558672
1136,179.3333618215273,180.33336182152735,181.33336182152732,182.33336182152738
1137,179.5000284872041,180.50002848720416,181.50002848720413,182.5000284872042
1138,179.6666951528973,180.66669515289735,181.66669515289732,182.66669515289738
1139,179.83336181860656,180.83336181860662,181.8333618186066,182.83336181860665
1140,180.00002848433166,181.00002848433172,182.0000284843317,183.00002848433175
1141,180.16669515007231,181.16669515007237,182.16669515007234,183.1666951500724
1142,180.33336181582828,181.33336181582834,182.3333618158283,183.33336181582837
1143,180.5000284815993,181.50002848159934,182.50002848159932,183.50002848159937
1144,180.6666951473851,181.66669514738516,182.66669514738513,183.66669514738518
1145,180.83336181318546,181.83336181318552,182.8333618131855,183.83336181318555
1146,181.00002847900015,182.0000284790002,183.00002847900018,184.00002847900024
1147,181.16669514482894,182.166695144829,183.16669514482896,184.16669514482902
1148,181.33336181067156,182.33336181067162,183.3333618106716,184.33336181067165
1149,181.5000284765278,182.50002847652786,183.50002847652783,184.5000284765279
1150,181.66669514239746,182.66669514239751,183.6666951423975,184.66669514239754
1151,181.83336180828027,182.83336180828033,183.8333618082803,184.83336180828036
1152,182.00002847417605,183.0000284741761,184.00002847417608,185.00002847417613
1153,182.16669514008456,183.1666951400846,184.16669514008458,185.16669514008464
1154,182.3333618060056,183.33336180600566,184.33336180600563,185.33336180600568
1155,182.50002847193898,183.50002847193903,184.500028471939,185.50002847193906
1156,182.66669513788446,183.66669513788452,184.6666951378845,185.66669513788455
1157,182.83336180384188,183.83336180384194,184.8333618038419,185.83336180384197
1158,183.000028469811,184.00002846981107,185.00002846981104,186.0000284698111
1159,183.16669513579168,184.16669513579174,185.1666951357917,186.16669513579177
1160,183.3333618017837,184.33336180178375,185.33336180178372,186.33336180178378
1161,183.50002846778685,184.5000284677869,185.50002846778688,186.50002846778693
1162,183.66669513380097,184.66669513380103,185.666695133801,186.66669513380106
1163,183.83336179982587,184.83336179982592,185.8333617998259,186.83336179982595
1164,184.0000284658614,185.00002846586145,186.00002846586142,187.00002846586148
1165,184.16669513190735,185.1666951319074,186.16669513190737,187.16669513190743
1166,184.33336179796356,185.33336179796362,186.3333617979636,187.33336179796365
1167,184.50002846402987,185.50002846402992,186.5000284640299,187.50002846402995
1168,184.6666951301061,185.66669513010615,186.66669513010612,187.66669513010618
1169,184.83336179619207,185.83336179619212,186.8333617961921,187.83336179619215
1170,185.00002846228764,186.0000284622877,187.00002846228767,188.00002846228773
1171,185.16669512839266,186.16669512839272,187.1666951283927,188.16669512839275
1172,185.33336179450697,186.33336179450703,187.333361794507,188.33336179450706
1173,185.5000284606304,186.50002846063046,187.50002846063043,188.5000284606305
1174,185.66669512676282,186.66669512676287,187.66669512676285,188.6666951267629
1175,185.83336179290404,186.8333617929041,187.83336179290407,188.83336179290413
1176,186.00002845905396,187.00002845905402,188.000028459054,189.00002845905405
1177,186.1666951252124,187.16669512521247,188.16669512521244,189.1666951252125
1178,186.33336179137928,187.33336179137933,188.3333617913793,189.33336179137936
1179,186.5000284575544,187.50002845755446,188.50002845755444,189.5000284575545
1180,186.66669512373767,187.66669512373772,188.6666951237377,189.66669512373775
1181,186.83336178992892,187.83336178992897,188.83336178992894,189.833361789929
1182,187.000028456128,188.00002845612806,189.00002845612804,190.0000284561281
1183,187.16669512233483,188.1666951223349,189.16669512233486,190.16669512233491
1184,187.33336178854924,188.3333617885493,189.33336178854927,190.33336178854933
1185,187.50002845477113,188.50002845477118,189.50002845477115,190.5000284547712
1186,187.66669512100037,188.66669512100043,189.6666951210004,190.66669512100046
1187,187.83336178723687,188.83336178723692,189.8333617872369,190.83336178723695
1188,188.00002845348047,189.00002845348052,190.0000284534805,191.00002845348055
1189,188.16669511973106,189.16669511973112,190.1666951197311,191.16669511973114
1190,188.33336178598853,189.3333617859886,190.33336178598856,191.33336178598861
1191,188.50002845225276,189.50002845225282,190.5000284522528,191.50002845225285
1192,188.66669511852365,189.6666951185237,190.66669511852368,191.66669511852373
1193,188.83336178480107,189.83336178480113,190.8333617848011,191.83336178480116
1194,189.00002845108492,190.00002845108497,191.00002845108494,192.000028451085
1195,189.1666951173751,190.16669511737516,191.16669511737513,192.16669511737518
1196,189.3333617836715,190.33336178367156,191.33336178367153,192.3333617836716
1197,189.50002844997402,190.50002844997408,191.50002844997405,192.5000284499741
1198,189.66669511628257,190.66669511628263,191.6666951162826,192.66669511628265
1199,189.83336178259702,190.83336178259708,191.83336178259705,192.8333617825971
